Observation ID,Name,Data Type,Longitude,Latitude,Color,Material,Town,Link to Picture,Pictures,"
Latitude",Open/Closed,Number of People,Price Range (CHF)
G1_R0,Solar Panel 1,Solar Panel,45.90187,8.97062,Black,crystalline silicon,Riva San Vitale,https://drive.google.com/file/d/1P91eS5RCPLk_TuPHWM9bnzRaUt6PiUlj/view?usp=drive_link,N/A,N/A,N/A,N/A,N/A
G1_R1,Statues 1,Statues,45.9044,8.97055,Pale off-white/cream,lime-plastered masonry,Riva San Vitale,https://drive.google.com/file/d/1tgSBeQguIu10f5zDgBp02bva-xZ01Us-/view?usp=drive_link,N/A,N/A,N/A,N/A,N/A
G1_R2,Solar Panel 2,Solar Panel,45.90696,8.97095,Black,crystalline silicon,Riva San Vitale,https://drive.google.com/file/d/1kngJeMCJY5VlB6FlyZPtl58rvjKAhYR3/view?usp=sharing,N/A,N/A,N/A,N/A,N/A
G1_R3,Floors 1,Floors/Bridges,45.90608,8.97254,Gray,Pre-cast concrete (cement + sand + crushed aggregate with iron-oxide pigments,Riva San Vitale,https://drive.google.com/file/d/1y7Ue-Iqir3_Tj5Hbs8yPCeWHOEIM9I7I/view?usp=sharing,N/A,N/A,N/A,N/A,N/A
G1_R4,Floors 2,Floors/Bridges,45.90475,8.97052,Light Gray,natural igneous stone,Riva San Vitale,https://drive.google.com/file/d/1X3TihpIcc6KJDSuwy2_-2CIxiJfV8DLv/view?usp=sharing,N/A,N/A,N/A,N/A,N/A
G1_R5,Fountain 1,Fountains,45.90572,8.9713,Light Gray,granite,Riva San Vitale,https://drive.google.com/file/d/1D0GOe--hKk6VdRS2iYmQEIBkBfKWa7YV/view?usp=sharing,N/A,N/A,N/A,N/A,N/A
G1_R6,Fountain 2,Fountains,45.90338,8.97015,Gray,porous calcareous stone,Riva San Vitale,https://drive.google.com/file/d/1Gyy81htRjRq1Mv0H5KtIlnfnb4xLPglN/view?usp=drive_link,N/A,N/A,N/A,N/A,N/A
G1_R7,Statues 2,Statues,45.90538,8.9711,Green,bronze,Riva San Vitale,https://drive.google.com/file/d/1o0Vgj0eUTNCNaa0Rt9UY5M3_vbr_3-6z/view?usp=drive_link,N/A,N/A,N/A,N/A,N/A
G1_R8,Floors 3,Floors/Bridges,45.90533,8.97229,Light Gray,concrete,Riva San Vitale,https://drive.google.com/file/d/125CT2f_R9yzz8LjEHoVz6t_ModQXlZc3/view?usp=sharing,N/A,N/A,N/A,N/A,N/A
G1_R9,Floors 4,Floors/Bridges,45.90469,8.97089,Gray,limestone,Riva San Vitale,https://drive.google.com/file/d/1ZuanmT2az0urOML86uZm60cjH94AYoJZ/view?usp=sharing,N/A,N/A,N/A,N/A,N/A
G1_R10,Statues 3,Statues,45.90394,8.97057,Green,bronze,Riva San Vitale,https://drive.google.com/file/d/1XyDr3Xn6PGDf_PQjw4lJDvMApwoYVJlW/view?usp=drive_link,N/A,N/A,N/A,N/A,N/A
G1_R11,Building 1,Building,45.9031,8.97038,Pink,masonry walls,Riva San Vitale,https://drive.google.com/file/d/1WKdSvuEDD-zM6U_TMK8kZQ8mrYt1S9fV/view?usp=sharing,N/A,N/A,N/A,N/A,N/A
G1_R12,Building 2,Building,45.9055,8.97067,Beige/Black/Brown,fieldstone,Riva San Vitale,https://drive.google.com/file/d/1YdVpo7OJ1YgKwTgohKW19jU2XTXXpYqm/view?usp=sharing,N/A,N/A,N/A,N/A,N/A
G1_R13,Archways 1,Archways,45.90566,8.97118,Beige,limestone,Riva San Vitale,https://drive.google.com/file/d/1XmiB-2tGJCCkbDGs9DETN8--2pNw25y1/view?usp=drive_link,N/A,N/A,N/A,N/A,N/A
G1_R14,Building 3,Building,45.90575,8.97061,Grey/Green,Masonry walls,Riva San Vitale,https://drive.google.com/file/d/1ozg5TAK8Xmbp3nmBRhpDk1T_61_yOE14/view?usp=sharing,N/A,N/A,N/A,N/A,N/A
G1_R15,Building 4,Building,45.90691,8.97001,Yellow,masonry walls,Riva San Vitale,https://drive.google.com/file/d/1UgEKVW8DvS2mBYLj6O_QbnvzY5S-xSVd/view?usp=sharing,N/A,N/A,N/A,N/A,N/A
G1_R16,Archway 2,Archways,45.90586,8.971,White,masonry,Riva San Vitale,https://drive.google.com/file/d/1ROHhglJH_XPLnqC7nlLMWdCMQj18sjTw/view?usp=drive_link,N/A,N/A,N/A,N/A,N/A
G1_R17,Archway 3,Archways,45.90615,8.97014,Brown,stone masonry,Riva San Vitale,https://drive.google.com/file/d/1w2Om1p4V9qOWLHWhPKCk6XMvD5b7l5rQ/view?usp=drive_link,N/A,N/A,N/A,N/A,N/A
G1_R18,Doors 1,Doors,45.90461,8.97078,Brown,Wood,Riva San Vitale,https://drive.google.com/file/d/1J1hUvw2zIzOonC4uCQUYsbNg34tbFoeI/view?usp=drive_link,N/A,N/A,N/A,N/A,N/A
G1_R19,Doors 2,Doors,45.90419,8.97054,Green,Wood,Riva San Vitale,https://drive.google.com/file/d/1khapkGGvCCVRcKtwazSpOY3k2NOoKNQf/view?usp=drive_link,N/A,N/A,N/A,N/A,N/A
G1_PC0,Floors 5,Floors/Bridges,45.90431,8.90564,Grey,Stone,Porto Ceresio,https://drive.google.com/file/d/1zV76k5XSLO6agjgpv1xT-BQ2D73arLiE/view?usp=sharing,N/A,N/A,N/A,N/A,N/A
G1_PC1,Floors 6,Floors/Bridges,45.90356,8.90109,Grey/Brown,Wood,Porto Ceresio,https://drive.google.com/file/d/1UMhewFmdXqZYh8aa8446uY14oMK6Nbd5/view?usp=sharing,N/A,N/A,N/A,N/A,N/A
G1_PC2,Floors 7,Floors/Bridges,45.90252,8.90384,Grey,Stone,Porto Ceresio,https://drive.google.com/file/d/1GoSoLxhgyLqthI6sYFaLXwE4PeYf_co5/view?usp=sharing,N/A,N/A,N/A,N/A,N/A
G1_PC3,Floors 8,Floors/Bridges,45.904,8.90551,Brown,Wood,Porto Ceresio,https://drive.google.com/file/d/1NDiV4eWFjb6ydfW6VclgAX8OZyVNYXax/view?usp=sharing,N/A,N/A,N/A,N/A,N/A
G1_PC4,Floors 9,Floors/Bridges,45.90201,8.90361,Brown,Stone,Porto Ceresio,https://drive.google.com/file/d/1BdAs2yEJKIZsnvaiydBxRYKs0bR5kzgH/view?usp=sharing,N/A,N/A,N/A,N/A,N/A
G1_PC5,Floors 10,Floors/Bridges,45.90394,8.90617,Black/White,Marble,Porto Ceresio,https://drive.google.com/file/d/1j5c0VDtGwC-JXqw2oz1oIPhQagOKfwfq/view?usp=sharing,N/A,N/A,N/A,N/A,N/A
G1_PC6,Floors 11,Floors/Bridges,45.90452,8.90608,Gray/Brown,Stone,Porto Ceresio,https://drive.google.com/file/d/1WIBISwLIwOmQgJ_rs4wU1qZkcwjaYQES/view?usp=sharing,N/A,N/A,N/A,N/A,N/A
G1_PC7,Floors 12,Floors/Bridges,45.90452,8.90608,Black/Brick Red,stone   ,Porto Ceresio,https://drive.google.com/file/d/1BnV4H-u9hvK4Yf92bZCFSjqq6xnZ2mPd/view?usp=sharing,N/A,N/A,N/A,N/A,N/A
G1_PC8,Floors 13,Floors/Bridges,45.90452,8.90608,Brown,stone,Porto Ceresio,https://drive.google.com/file/d/1T-Gopzcgov7bYlkSeeF_B3IY0LhlDfkY/view?usp=sharing,N/A,N/A,N/A,N/A,N/A
G1_PC9,Fountain 3,Fountains,45.90452,8.90608,Brown/Grey,metal,Porto Ceresio,https://drive.google.com/file/d/1TAybYt8BGEzX-95oCvGcAc1yCP9HIs0h/view?usp=sharing,N/A,N/A,N/A,N/A,N/A
G1_PC10,Statues 4,Statues,45.90452,8.90608,Gray,bronze ,Porto Ceresio,https://drive.google.com/file/d/10YO5WOfOtM6W8sAKXFLSw34_E9K6-j3X/view?usp=sharing,N/A,N/A,N/A,N/A,N/A
G1_PC11,Statues 5,Statues,45.90452,8.90608,Gray,Stone,Porto Ceresio,https://drive.google.com/file/d/1LAmn6B0cT39DNs88YC2mWISNaGtfgqkz/view?usp=sharing,N/A,N/A,N/A,N/A,N/A
G1_PC12,Statues 6,Statues,45.90316,8.90158,Red,Metal,Porto Ceresio,https://drive.google.com/file/d/1tDvtemqhMvoGv4jYjsF5tfwnWTuoq1Y6/view?usp=sharing,N/A,N/A,N/A,N/A,N/A
G1_PC13,Doors 3,Doors,45.90232,8.90254,Blue,Steel,Porto Ceresio,https://drive.google.com/file/d/138KCPUdtpxUAvpHFySVlPVdX7lDrJXQw/view?usp=sharing,N/A,N/A,N/A,N/A,N/A
G1_PC14,Building 5,Building,45.90401,8.90613,Yellow Striped,Masonry,Porto Ceresio,https://drive.google.com/file/d/1bwgVCPdZb-A6ZJkkSS0MVdmHED6s-4am/view?usp=sharing,N/A,N/A,N/A,N/A,N/A
G1_PC15,Building 6,Building,45.90272,8.90312,White/Tan,Masonry,Porto Ceresio,https://drive.google.com/file/d/1B86GSGdx_Yk5vBKzVoe8DzViynspniXW/view?usp=sharing,N/A,N/A,N/A,N/A,N/A
G1_PC16,Building 7,Building,45.90271,8.90442,Brown/Tan,Masonry,Porto Ceresio,https://drive.google.com/file/d/1rtUvxZE7TioIFFjSCwA_23Hbdo8nDMTO/view?usp=sharing,N/A,N/A,N/A,N/A,N/A
G1_PC17,Building 8,Building,45.90397,8.90628,Brown/Tan,Stone Masonry,Porto Ceresio,https://drive.google.com/file/d/11aoTum1Xp_3Odee_fOIr3k0PAvh67CoL/view?usp=sharing,N/A,N/A,N/A,N/A,N/A
G1_PC18,Floor 14,Floors/Bridges,45.90485,8.89904,Beige,Polypropylene tiles,Porto Ceresio,https://drive.google.com/file/d/1uLYnjFLsyIPbIz5oLcvANyQXlfjWGzdq/view?usp=sharing,N/A,N/A,N/A,N/A,N/A
G1_PC19,Floor 15,Floors/Bridges,45.90401,8.90065,Brown/Tan,Treated Timber,Porto Ceresio,https://drive.google.com/file/d/1EdpfbciR_nngSmOrW6fCza_fU3PSh29D/view?usp=sharing,N/A,N/A,N/A,N/A,N/A
G1_PC20,Solar Panel 3,Solar Panel,45.90439,8.89906,Black,Silicon crystal ingot,Porto Ceresio,https://drive.google.com/file/d/1UAM40AlFlQVpD72t-JC_0BcZDcpzp29n/view?usp=drive_link,N/A,N/A,N/A,N/A,N/A
G1_PC21,Doors 4,Doors,45.90246,8.90259,Clear/Black,Glass,Porto Ceresio,https://drive.google.com/file/d/1Ziez2fhFGpaa0cf3Fvw6rbftpDx3gRIF/view?usp=drive_link,N/A,N/A,N/A,N/A,N/A
G1_L0,Boxy Floor,Floors,46.52242,6.63058,Gray,Stone,Lausanne,https://drive.google.com/file/d/1ep3PSWM_VYokDLdORxqE3yBCNArJmVPG/view?usp=drive_link,N/A,N/A,N/A,N/A,N/A
G1_L1,Cobble Spread,Floors,46.5226,6.63454,Gray,Stone,Lausanne,https://drive.google.com/file/d/1IxqRbRbqu8_LSDcpxyCqalSIEL_hXema/view?usp=drive_link,N/A,N/A,N/A,N/A,N/A
G1_L2,Pebble Floor,Floors,46.52378,6.63534,Gray/Beige/White ,Rocks,Lausanne,https://drive.google.com/file/d/1C9ks61EWZQbG9E_8o4OGwbBC_KoBLdLn/view?usp=drive_link,N/A,N/A,N/A,N/A,N/A
G1_L3,Rocky Cobble,Floors,46.52232,6.63407,Gray/Beige/Black/White,Stone,Lausanne,https://drive.google.com/file/d/1W54MpQprKbDpWe4gEXO1h8vG3oU0lBzZ/view?usp=drive_link,N/A,N/A,N/A,N/A,N/A
G1_L4,Lion Historical, Building,46.52024,6.62685,Gray,Stone,Lausanne,https://drive.google.com/file/d/1OHpd61Jgkvr6ryBCOx2L3wgGDbSMvZfx/view?usp=drive_link,N/A,N/A,N/A,N/A,N/A
G1_L5,Buildings & Bridge,Building,46.52188,6.63354,Pastel colors,Stone,Lausanne,https://drive.google.com/file/d/11GxcwRBdofDBRu1qqHXJz2tVgIA9J3iB/view?usp=drive_link,N/A,N/A,N/A,N/A,N/A
G1_L6,Angled building,Building,46.52139,6.63029,Light gray,Stone masonry,Lausanne,https://drive.google.com/file/d/1lexBe8ivD867XYrn74GgVuP1sj-0u1NG/view?usp=drive_link,N/A,N/A,N/A,N/A,N/A
G1_L7,Shops,Building,46.52571,6.6362,Blue & Green ,Stone,Lausanne,https://drive.google.com/file/d/1EZYZ4pydB-cv8jjfIIAcp72WbF-SaLoL/view?usp=drive_link,N/A,N/A,N/A,N/A,N/A
G1_L8,Lausanne Church,Building,46.52202,6.63565,Gray,Brick,Lausanne,https://drive.google.com/file/d/1V-iKFmCluAQwQ86QsbofaeO-x_JLi_OZ/view?usp=drive_link,N/A,N/A,N/A,N/A,N/A
G1_L9,Church Door,Building,46.52264,6.63476,Beige,Stone,Lausanne,https://drive.google.com/file/d/10w51RHUf6dvnFX120NVzjcBEta4v3ddY/view?usp=drive_link,N/A,N/A,N/A,N/A,N/A
G1_L10,Church Interior,Building,46.52245,6.63515,Beige,Limestone,Lausanne,https://drive.google.com/file/d/1N34riWM9wKMI9M61MpFKcw26XR6HQc-m/view?usp=drive_link,N/A,N/A,N/A,N/A,N/A
G1_L11,Church 2,Building ,46.52209,6.63064,Beige,Sandstone,Lausanne,https://drive.google.com/file/d/1n-P2J0WWxiD7TsINKiX_lBK19U8PX3ZI/view?usp=drive_link,N/A,N/A,N/A,N/A,N/A
G1_L12,Water fountain 1,Fountain,46.52365,6.63532,Gray,Stone,Lausanne,https://drive.google.com/file/d/1cpVSgr4bW2mpE1PFk1_QHwjHZE3zR6os/view?usp=drive_link,N/A,N/A,N/A,N/A,N/A
G1_L13,Water fountain 2,Fountain,46.52365,6.63532,Gray,Stone,Lausanne,https://drive.google.com/file/d/1KQzYXI1i3j5MjpKIdURc4DpEjF9V_eIz/view?usp=drive_link,N/A,N/A,N/A,N/A,N/A
G1_L14,Water fountain 3,Fountain,46.52562,6.63706,Gray,Stone,Lausanne,https://drive.google.com/file/d/1H4GFh6z8wjk8dXmWU-luE7vBPeei6CFn/view?usp=drive_link,N/A,N/A,N/A,N/A,N/A
G1_L15,Water fountain 4,Fountain,46.52325,6.63516,Gray,Stone,Lausanne,https://drive.google.com/file/d/1Z4R3ozp9pKgO_F809j2f6SMokuyibp6c/view?usp=drive_link,N/A,N/A,N/A,N/A,N/A
G1_L16,Water fountain 5,Fountain,46.52182,6.63102,Gray,Stone,Lausanne,https://drive.google.com/file/d/1thWwI9CzeTlXtLnlhMjPeEBahqEG8vNr/view?usp=drive_link,N/A,N/A,N/A,N/A,N/A
G1_L17,Lady Justice Statue,Fountain,46.52168,6.63312,Blue/Yellow/Orange/Green,Sandstone,Lausanne,https://drive.google.com/file/d/1MzJiY4_HeFkAlJOxvG01XAaIEEsUhn2n/view?usp=drive_link,N/A,N/A,N/A,N/A,N/A
G1_L18,Statue Abs,Statue,46.50844,6.63332,Beige,Stone,Lausanne,https://drive.google.com/file/d/1Hm391NszczrttOB7yiNY3TikMOWoQXXN/view?usp=drive_link,N/A,N/A,N/A,N/A,N/A
G1_L19,Statue Balcony,Statue,46.52316,6.62438,Gray,Stone,Lausanne,https://drive.google.com/file/d/1nmZcPELONrShO4iv-FdtbckDs53W-pyu/view?usp=drive_link,N/A,N/A,N/A,N/A,N/A
G1_L20,Metal Statue,Statue,46.51861,6.63134,Gray,Metal,Lausanne,https://drive.google.com/file/d/1XGtERifHXR14Ii5nwdqD0RfA_2fjZae7/view?usp=sharing,N/A,N/A,N/A,N/A,N/A
G1_L21,Statue Chair,Statue,46.53498,6.63875,Brown,Wood,Lausanne,https://drive.google.com/file/d/1P3_MpS66863jTc0SbPWM2g_DZfQH3IWw/view?usp=drive_link,N/A,N/A,N/A,N/A,N/A
G1_L22,Statue of Colonel,Statue,46.52473,6.63546,Green ,Bronze,Lausanne,https://drive.google.com/file/d/1mh45rTi4G_br-ku7jf6Ui1w7yNE2cE90/view?usp=drive_link,N/A,N/A,N/A,N/A,N/A
G1_L23,Statue of sitting man,Statue,46.51993,6.62902,Beige,Marble,Lausanne,https://drive.google.com/file/d/1uVx35Go6wRt_qnHassStpDREusZ0HKVu/view?usp=sharing,N/A,N/A,N/A,N/A,N/A
G1_L24,Deer Statue,Statue,46.53595,6.63769,Brown,Wood,Lausanne,https://drive.google.com/file/d/1c3G9szdoGdVX6U7mRaDLsb6Sd592wIFd/view?usp=drive_link,N/A,N/A,N/A,N/A,N/A
G1_L25,Duck statue,Statue,46.51966,6.64223,Brown,Duck,Lausanne,https://drive.google.com/file/d/1nqTA4wEdDo4r_Tb4Nr56dMffrAS4ofj4/view?usp=drive_link,N/A,N/A,N/A,N/A,N/A
G1_L26,Rock Egg,Statue,46.52378,6.63534,Light Brown,Marble,Lausanne,https://drive.google.com/file/d/1-h0HfAvojwdUPRsegMcmI9Q9kMVDbnwy/view?usp=drive_link,N/A,N/A,N/A,N/A,N/A
G1_L27,Flame Statue,Statue,46.50831,6.63411,Brown,Metal,Lausanne,https://drive.google.com/file/d/1kQXg0b0FB7F4Fg1Gu4L3OKK8D5I8T4-W/view?usp=drive_link,N/A,N/A,N/A,N/A,N/A
G1_L28,Person statue,Statue,46.50834,6.6342,Brown,Bronze,Lausanne,https://drive.google.com/file/d/1mAEmIegNT60hoqcmJVahBpXcqEbPTi5B/view?usp=drive_link,N/A,N/A,N/A,N/A,N/A
G1_L29,Religous statue,Statue,46.52466,6.63573,Green ,Bronze,Lausanne,https://drive.google.com/file/d/1jfob_YW-vRn_Ln_H1nEf-Gwiy8DocYio/view?usp=drive_link,N/A,N/A,N/A,N/A,N/A
G1_L30,Star,Statue,46.50485,6.6257,Silver,Metal,Lausanne,https://drive.google.com/file/d/1fKbx0pAkHVvetJmDmW5-pCMgQWCdmivG/view?usp=drive_link,N/A,N/A,N/A,N/A,N/A
G1_L31,Archway 1,Archways,46.52154,6.63087,Light beige,Sandstone/Limestone,Lausanne,https://drive.google.com/file/d/1gG_O-8GW4YWHoiX2Dzlg1adtwBK5FBi0/view?usp=sharing,N/A,N/A,N/A,N/A,N/A
G1_L32,Archway 2,Archways,46.52168,6.63446,Light beige,Concrete/Stone,Lausanne,https://drive.google.com/file/d/1SRd_5OA0TGwuvi96nXz89TOpe2NMEX-u/view?usp=sharing,N/A,N/A,N/A,N/A,N/A
G1_L33,Door 1,Doors,46.52263,6.63453,Charcoal/Cream,Carved stone/Heavy Metal,Lausanne,https://drive.google.com/file/d/1Pw0Wp_dQAwyuGKoTqyYEHd_5tM2oreWP/view?usp=sharing,N/A,N/A,N/A,N/A,N/A
G1_L34,Bridge 1,Archways,46.52582,6.63696,Grey/Beige,Stone blocks,Lausanne,https://drive.google.com/file/d/1IwVziSS_SzjfTiT6XBxYPL4I4bcP2uEU/view?usp=sharing,N/A,N/A,N/A,N/A,N/A
G1_L35,Archway 3,Archways,46.52331,6.63522,Grey,Concrete/Stone,Lausanne,https://drive.google.com/file/d/1fe98D6zRybTpF7UJnNLvQbaUg974MViO/view?usp=sharing,N/A,N/A,N/A,N/A,N/A
G1_L36,Bridge 2,Archways,46.52141,6.63579,Beige,Stone masonry,Lausanne,https://drive.google.com/file/d/1lrAK4Q69XAurhojxGMtpx-0st3H_PBdE/view?usp=sharing,N/A,N/A,N/A,N/A,N/A
G1_L37,Archway 4,Archways,46.52202,6.63274,Grey/Cream,Cobblestone/Stone,Lausanne,https://drive.google.com/file/d/19ynzVXXOT-J5ew9AvA9CTTwSUE_HGrdD/view?usp=sharing,N/A,N/A,N/A,N/A,N/A
G1_L38,Door 2,Doors,46.52168,6.63458,Wood/Grey,Polished woood,Lausanne,https://drive.google.com/file/d/1ZLuN9aw9rmrBDBkGlt69IZfQgBvToGeZ/view?usp=sharing,N/A,N/A,N/A,N/A,N/A
G1_L0,Boxy Floor,Floors,46.52242,6.63058,Gray,Stone,Lausanne,https://drive.google.com/file/d/1ep3PSWM_VYokDLdORxqE3yBCNArJmVPG/view?usp=drive_link,N/A,N/A,N/A,N/A,N/A
G1_L1,Cobble Spread,Floors,46.5226,6.63454,Gray,Stone,Lausanne,https://drive.google.com/file/d/1IxqRbRbqu8_LSDcpxyCqalSIEL_hXema/view?usp=drive_link,N/A,N/A,N/A,N/A,N/A
G1_L2,Pebble Floor,Floors,46.52378,6.63534,Gray/Beige/White ,Rocks,Lausanne,https://drive.google.com/file/d/1C9ks61EWZQbG9E_8o4OGwbBC_KoBLdLn/view?usp=drive_link,N/A,N/A,N/A,N/A,N/A
G1_L3,Rocky Cobble,Floors,46.52232,6.63407,Gray/Beige/Black/White,Stone,Lausanne,https://drive.google.com/file/d/1W54MpQprKbDpWe4gEXO1h8vG3oU0lBzZ/view?usp=drive_link,N/A,N/A,N/A,N/A,N/A
G1_L4,Lion Historical, Building,46.52024,6.62685,Gray,Stone,Lausanne,https://drive.google.com/file/d/1OHpd61Jgkvr6ryBCOx2L3wgGDbSMvZfx/view?usp=drive_link,N/A,N/A,N/A,N/A,N/A
G1_L5,Buildings & Bridge,Building,46.52188,6.63354,Pastel colors,Stone,Lausanne,https://drive.google.com/file/d/11GxcwRBdofDBRu1qqHXJz2tVgIA9J3iB/view?usp=drive_link,N/A,N/A,N/A,N/A,N/A
G1_L6,Angled building,Building,46.52139,6.63029,Light gray,Stone masonry,Lausanne,https://drive.google.com/file/d/1lexBe8ivD867XYrn74GgVuP1sj-0u1NG/view?usp=drive_link,N/A,N/A,N/A,N/A,N/A
G1_L7,Shops,Building,46.52571,6.6362,Blue & Green ,Stone,Lausanne,https://drive.google.com/file/d/1EZYZ4pydB-cv8jjfIIAcp72WbF-SaLoL/view?usp=drive_link,N/A,N/A,N/A,N/A,N/A
G1_L8,Lausanne Church,Building,46.52202,6.63565,Gray,Brick,Lausanne,https://drive.google.com/file/d/1V-iKFmCluAQwQ86QsbofaeO-x_JLi_OZ/view?usp=drive_link,N/A,N/A,N/A,N/A,N/A
G1_L9,Church Door,Building,46.52264,6.63476,Beige,Stone,Lausanne,https://drive.google.com/file/d/10w51RHUf6dvnFX120NVzjcBEta4v3ddY/view?usp=drive_link,N/A,N/A,N/A,N/A,N/A
G1_L10,Church Interior,Building,46.52245,6.63515,Beige,Limestone,Lausanne,https://drive.google.com/file/d/1N34riWM9wKMI9M61MpFKcw26XR6HQc-m/view?usp=drive_link,N/A,N/A,N/A,N/A,N/A
G1_L11,Church 2,Building ,46.52209,6.63064,Beige,Sandstone,Lausanne,https://drive.google.com/file/d/1n-P2J0WWxiD7TsINKiX_lBK19U8PX3ZI/view?usp=drive_link,N/A,N/A,N/A,N/A,N/A
G1_L12,Water fountain 1,Fountain,46.52365,6.63532,Gray,Stone,Lausanne,https://drive.google.com/file/d/1cpVSgr4bW2mpE1PFk1_QHwjHZE3zR6os/view?usp=drive_link,N/A,N/A,N/A,N/A,N/A
G1_L13,Water fountain 2,Fountain,46.52365,6.63532,Gray,Stone,Lausanne,https://drive.google.com/file/d/1KQzYXI1i3j5MjpKIdURc4DpEjF9V_eIz/view?usp=drive_link,N/A,N/A,N/A,N/A,N/A
G1_L14,Water fountain 3,Fountain,46.52562,6.63706,Gray,Stone,Lausanne,https://drive.google.com/file/d/1H4GFh6z8wjk8dXmWU-luE7vBPeei6CFn/view?usp=drive_link,N/A,N/A,N/A,N/A,N/A
G1_L15,Water fountain 4,Fountain,46.52325,6.63516,Gray,Stone,Lausanne,https://drive.google.com/file/d/1Z4R3ozp9pKgO_F809j2f6SMokuyibp6c/view?usp=drive_link,N/A,N/A,N/A,N/A,N/A
G1_L16,Water fountain 5,Fountain,46.52182,6.63102,Gray,Stone,Lausanne,https://drive.google.com/file/d/1thWwI9CzeTlXtLnlhMjPeEBahqEG8vNr/view?usp=drive_link,N/A,N/A,N/A,N/A,N/A
G1_L17,Lady Justice Statue,Fountain,46.52168,6.63312,Blue/Yellow/Orange/Green,Sandstone,Lausanne,https://drive.google.com/file/d/1MzJiY4_HeFkAlJOxvG01XAaIEEsUhn2n/view?usp=drive_link,N/A,N/A,N/A,N/A,N/A
G1_L18,Statue Abs,Statue,46.50844,6.63332,Beige,Stone,Lausanne,https://drive.google.com/file/d/1Hm391NszczrttOB7yiNY3TikMOWoQXXN/view?usp=drive_link,N/A,N/A,N/A,N/A,N/A
G1_L19,Statue Balcony,Statue,46.52316,6.62438,Gray,Stone,Lausanne,https://drive.google.com/file/d/1nmZcPELONrShO4iv-FdtbckDs53W-pyu/view?usp=drive_link,N/A,N/A,N/A,N/A,N/A
G1_L20,Metal Statue,Statue,46.51861,6.63134,Gray,Metal,Lausanne,https://drive.google.com/file/d/1XGtERifHXR14Ii5nwdqD0RfA_2fjZae7/view?usp=sharing,N/A,N/A,N/A,N/A,N/A
G1_L21,Statue Chair,Statue,46.53498,6.63875,Brown,Wood,Lausanne,https://drive.google.com/file/d/1P3_MpS66863jTc0SbPWM2g_DZfQH3IWw/view?usp=drive_link,N/A,N/A,N/A,N/A,N/A
G1_L22,Statue of Colonel,Statue,46.52473,6.63546,Green ,Bronze,Lausanne,https://drive.google.com/file/d/1mh45rTi4G_br-ku7jf6Ui1w7yNE2cE90/view?usp=drive_link,N/A,N/A,N/A,N/A,N/A
G1_L23,Statue of sitting man,Statue,46.51993,6.62902,Beige,Marble,Lausanne,https://drive.google.com/file/d/1uVx35Go6wRt_qnHassStpDREusZ0HKVu/view?usp=sharing,N/A,N/A,N/A,N/A,N/A
G1_L24,Deer Statue,Statue,46.53595,6.63769,Brown,Wood,Lausanne,https://drive.google.com/file/d/1c3G9szdoGdVX6U7mRaDLsb6Sd592wIFd/view?usp=drive_link,N/A,N/A,N/A,N/A,N/A
G1_L25,Duck statue,Statue,46.51966,6.64223,Brown,Duck,Lausanne,https://drive.google.com/file/d/1nqTA4wEdDo4r_Tb4Nr56dMffrAS4ofj4/view?usp=drive_link,N/A,N/A,N/A,N/A,N/A
G1_L26,Rock Egg,Statue,46.52378,6.63534,Light Brown,Marble,Lausanne,https://drive.google.com/file/d/1-h0HfAvojwdUPRsegMcmI9Q9kMVDbnwy/view?usp=drive_link,N/A,N/A,N/A,N/A,N/A
G1_L27,Flame Statue,Statue,46.50831,6.63411,Brown,Metal,Lausanne,https://drive.google.com/file/d/1kQXg0b0FB7F4Fg1Gu4L3OKK8D5I8T4-W/view?usp=drive_link,N/A,N/A,N/A,N/A,N/A
G1_L28,Person statue,Statue,46.50834,6.6342,Brown,Bronze,Lausanne,https://drive.google.com/file/d/1mAEmIegNT60hoqcmJVahBpXcqEbPTi5B/view?usp=drive_link,N/A,N/A,N/A,N/A,N/A
G1_L29,Religous statue,Statue,46.52466,6.63573,Green ,Bronze,Lausanne,https://drive.google.com/file/d/1jfob_YW-vRn_Ln_H1nEf-Gwiy8DocYio/view?usp=drive_link,N/A,N/A,N/A,N/A,N/A
G1_L30,Star,Statue,46.50485,6.6257,Silver,Metal,Lausanne,https://drive.google.com/file/d/1fKbx0pAkHVvetJmDmW5-pCMgQWCdmivG/view?usp=drive_link,N/A,N/A,N/A,N/A,N/A
G1_L31,Archway 1,Archways,46.52154,6.63087,Light beige,Sandstone/Limestone,Lausanne,https://drive.google.com/file/d/1gG_O-8GW4YWHoiX2Dzlg1adtwBK5FBi0/view?usp=sharing,N/A,N/A,N/A,N/A,N/A
G1_L32,Archway 2,Archways,46.52168,6.63446,Light beige,Concrete/Stone,Lausanne,https://drive.google.com/file/d/1SRd_5OA0TGwuvi96nXz89TOpe2NMEX-u/view?usp=sharing,N/A,N/A,N/A,N/A,N/A
G1_L33,Door 1,Doors,46.52263,6.63453,Charcoal/Cream,Carved stone/Heavy Metal,Lausanne,https://drive.google.com/file/d/1Pw0Wp_dQAwyuGKoTqyYEHd_5tM2oreWP/view?usp=sharing,N/A,N/A,N/A,N/A,N/A
G1_L34,Bridge 1,Archways,46.52582,6.63696,Grey/Beige,Stone blocks,Lausanne,https://drive.google.com/file/d/1IwVziSS_SzjfTiT6XBxYPL4I4bcP2uEU/view?usp=sharing,N/A,N/A,N/A,N/A,N/A
G1_L35,Archway 3,Archways,46.52331,6.63522,Grey,Concrete/Stone,Lausanne,https://drive.google.com/file/d/1fe98D6zRybTpF7UJnNLvQbaUg974MViO/view?usp=sharing,N/A,N/A,N/A,N/A,N/A
G1_L36,Bridge 2,Archways,46.52141,6.63579,Beige,Stone masonry,Lausanne,https://drive.google.com/file/d/1lrAK4Q69XAurhojxGMtpx-0st3H_PBdE/view?usp=sharing,N/A,N/A,N/A,N/A,N/A
G1_L37,Archway 4,Archways,46.52202,6.63274,Grey/Cream,Cobblestone/Stone,Lausanne,https://drive.google.com/file/d/19ynzVXXOT-J5ew9AvA9CTTwSUE_HGrdD/view?usp=sharing,N/A,N/A,N/A,N/A,N/A
G1_L38,Door 2,Doors,46.52168,6.63458,Wood/Grey,Polished woood,Lausanne,https://drive.google.com/file/d/1ZLuN9aw9rmrBDBkGlt69IZfQgBvToGeZ/view?usp=sharing,N/A,N/A,N/A,N/A,N/A
G2_R0,Church 1,Church,8.971177,45.903413,N/A,N/A,Riva San Vitale,N/A,https://drive.google.com/file/d/1bq-Ij74kuEvE3TqYwtW4OT2Pgd2m9dol/view?usp=sharing,N/A,N/A,N/A,N/A
G2_R1,Church 2,Church,8.970751,45.904582,N/A,N/A,Riva San Vitale,N/A,https://drive.google.com/file/d/1bog7fpwTxFa2z72aCY-hk_s_3p8HM4R3/view?usp=sharing,N/A,N/A,N/A,N/A
G2_R2,Church 3,Church,8.969732,45.906739,N/A,N/A,Riva San Vitale,N/A,https://drive.google.com/file/d/1MPj_BkiVap7nr0gvkUa4XI8Y2QWDah4i/view?usp=drive_link,N/A,N/A,N/A,N/A
G2_R3,Bell Tower 1,Bell Tower,8.971177,45.903413,N/A,N/A,Riva San Vitale,N/A,https://drive.google.com/file/d/1bq-Ij74kuEvE3TqYwtW4OT2Pgd2m9dol/view?usp=sharing,N/A,N/A,N/A,N/A
G2_R4,Bell Tower 2,Bell Tower,8.970751,45.904582,N/A,N/A,Riva San Vitale,N/A,https://drive.google.com/file/d/1bog7fpwTxFa2z72aCY-hk_s_3p8HM4R3/view?usp=sharing,N/A,N/A,N/A,N/A
G2_R5,Bell Tower 3,Bell Tower,8.969732,45.906739,N/A,N/A,Riva San Vitale,N/A,https://drive.google.com/file/d/1MPj_BkiVap7nr0gvkUa4XI8Y2QWDah4i/view?usp=drive_link,N/A,N/A,N/A,N/A
G2_R6,School (Kindgergarten),School,8.971485,45.903435,N/A,N/A,Riva San Vitale,N/A,https://drive.google.com/file/d/1USexKZUvBPoIua1jbaSRAzBOdtK4378S/view?usp=sharing,N/A,N/A,N/A,N/A
G2_R7,School (Elementary),School,8.971731,45.90255,N/A,N/A,Riva San Vitale,N/A,https://drive.google.com/file/d/1VC5IEuztL0rRnu0K7O-WC1WLYAFfyEki/view?usp=sharing,N/A,N/A,N/A,N/A
G2_R8,School (Rainbow),School,8.974103,45.902911,N/A,N/A,Riva San Vitale,N/A,https://drive.google.com/file/d/1iAFMeMSvtHLG3Z-LUyCqsls1O29_Ciye/view?usp=sharing,N/A,N/A,N/A,N/A
G2_R9,Ballet Dance Studio,Art Studio,8.970422,45.904062,N/A,N/A,Riva San Vitale,N/A,https://drive.google.com/file/d/15TAI3mJGusmOXYb11APLOl4-Y1oqFDti/view?usp=sharing,N/A,N/A,N/A,N/A
G2_R10,Music Studio,Art Studio,8.970978,45.90345,N/A,N/A,Riva San Vitale,N/A,https://drive.google.com/file/d/12AP_1gbmBNLWacc45HtJeTHXBy7B3nkx/view?usp=sharing,N/A,N/A,N/A,N/A
G2_R11,Pottery Studio 1,Art Studio,8.971062,45.904954,N/A,N/A,Riva San Vitale,N/A,https://drive.google.com/file/d/1jahDRQM1u12hLotFlTLhiuH07wc4NwQ7/view?usp=sharing,N/A,N/A,N/A,N/A
G2_R12,Pottery Studio 2,Art Studio,8.971161,45.905044,N/A,N/A,Riva San Vitale,N/A,https://drive.google.com/file/d/14MmnjtbPsvFrj6pnyJX1ZoifFeQ28FLq/view?usp=sharing,N/A,N/A,N/A,N/A
G2_R13,Baptistry of Church 2,Cultural,8.970751,45.904582,N/A,N/A,Riva San Vitale,N/A,https://drive.google.com/file/d/1wlwrBgUssJcUbJaGbAEch7ir4Oy-BMA8/view?usp=sharing,N/A,N/A,N/A,N/A
G2_R14,Water Fountain,Cultural,8.971118,45.905776,N/A,N/A,Riva San Vitale,N/A,https://drive.google.com/file/d/1KnlIZHzCaJrakRJ7WtO3PeP6F_H7ABFx/view?usp=drive_link,N/A,N/A,N/A,N/A
G2_R15,Flags outside rainbow school,Cultural,8.973594,45.902151,N/A,N/A,Riva San Vitale,N/A,https://drive.google.com/file/d/1cRXq-HILBBIc1jSbTliWHlyFNSHQwgWC/view?usp=sharing,N/A,N/A,N/A,N/A
G2_R16,Cemetery,Cultural,8.970111,45.898996,N/A,N/A,Riva San Vitale,N/A,https://drive.google.com/file/d/1khwM-93OIUm1_gn1IJ_RTPhYtLTQXtgH/view?usp=sharing,N/A,N/A,N/A,N/A
G2_R17,Shrine,Cultural,8.971996,45.901342,N/A,N/A,Riva San Vitale,N/A,https://drive.google.com/file/d/1wtDdkFWOmx7-PV6quldDVJ2olHIbjOzG/view?usp=drive_link,N/A,N/A,N/A,N/A
G2_R18,Pig cop statues,House Decoration,8.973181,45.902264,N/A,N/A,Riva San Vitale,N/A,https://drive.google.com/file/d/1AS7AEj8o0CyNTZqTD2yDkMlXrbJZa-kH/view?usp=sharing,N/A,N/A,N/A,N/A
G2_R19,fake grass + tree,House Decoration,8.974542,45.901933,N/A,N/A,Riva San Vitale,N/A,https://drive.google.com/file/d/1qRXgOaWi3tkykMBlvQN5DmfF9m-0Nc8L/view?usp=sharing,N/A,N/A,N/A,N/A
G2_R20,Ornaments on tree + snowman,House Decoration,8.97469,45.900586,N/A,N/A,Riva San Vitale,N/A,https://drive.google.com/file/d/1NybVl104eCj14jZi1eylgXmjHGhwoP91/view?usp=drive_link,N/A,N/A,N/A,N/A
G2_R21,Lady bug rock + bird house,House Decoration,8.97239,45.902092,N/A,N/A,Riva San Vitale,N/A,https://drive.google.com/file/d/17aDhTDzhFusdRHjZIlq7AmKhERWNVHo4/view?usp=drive_link,N/A,N/A,N/A,N/A
G2_R22,Pots + Bells outside,House Decoration,8.972957,45.902227,N/A,N/A,Riva San Vitale,N/A,https://drive.google.com/file/d/1qhLO7lQBjgRYl18QfhN7VFGDrKc5-jC9/view?usp=drive_link,N/A,N/A,N/A,N/A
G2_R23,Doormat + bunny on door ,House Decoration,8.972723,45.902215,N/A,N/A,Riva San Vitale,N/A,https://drive.google.com/file/d/1CQlcew4xiTsRv6QEYK03hUmirpHneYD6/view?usp=drive_link,N/A,N/A,N/A,N/A
G2_R24,House painting,House Decoration,8.970857,45.901975,N/A,N/A,Riva San Vitale,N/A,https://drive.google.com/file/d/1YofMeDth2nlp0dsQ3irTf-IDIQN1oW1v/view?usp=drive_link,N/A,N/A,N/A,N/A
G2_R25,Candy canes outside house,House Decoration,8.970417,45.903456,N/A,N/A,Riva San Vitale,N/A,https://drive.google.com/file/d/1It_ezkN8t_8I_hu3g_1euvAqxRpaH1O6/view?usp=drive_link,N/A,N/A,N/A,N/A
G2_R26,Mushroom statue,House Decoration,8.970717,45.902181,N/A,N/A,Riva San Vitale,N/A,https://drive.google.com/file/d/1OFQi_Upzb2LN0unpvzKG0XYrK5lO2h7_/view?usp=drive_link,N/A,N/A,N/A,N/A
G2_R27,Stained blue gold glass outside door,House Decoration,8.970881,45.904783,N/A,N/A,Riva San Vitale,N/A,https://drive.google.com/file/d/1BMTv6isFRGYoAWtSu3VvQy7W0bfagbjf/view?usp=sharing,N/A,N/A,N/A,N/A
G2_R28,Decoration outside of the gelato place,House Decoration,8.971091,45.905332,N/A,N/A,Riva San Vitale,N/A,https://drive.google.com/file/d/1mSxUhDlxOhWDgWr76B0wMDSpxJNpLGcp/view?usp=drive_link,N/A,N/A,N/A,N/A
G2_R29,Door with lots of hanging stuff and on windows,House Decoration,NAN,NAN,N/A,N/A,Riva San Vitale,N/A,https://drive.google.com/file/d/12EC3P4-d35TYJ4MdWgmJZqA_hhp1uHc6/view?usp=drive_link,N/A,N/A,N/A,N/A
G2_R30,Sun door ornament,House Decoration,8.970762,45.901704,N/A,N/A,Riva San Vitale,N/A,https://drive.google.com/file/d/1bwVoR9_YWAuvbDsgshw57fLNdUPhzHmu/view?usp=sharing,N/A,N/A,N/A,N/A
G2_R31,Owl door ornament,House Decoration,8.971899,45.901999,N/A,N/A,Riva San Vitale,N/A,https://drive.google.com/file/d/1D8p7ZsCu33MsYVfuRm_zE_nTksBmal_u/view?usp=sharing,N/A,N/A,N/A,N/A
G2_PC0,Community Center,Cultural,8.906015,45.904344,N/A,N/A,Porto Ceresio,N/A,https://drive.google.com/file/d/1LRPDo7McKzj_MPueiFtw0hd9gOFsInMe/view?usp=drive_link,N/A,N/A,N/A,N/A
G2_PC1,Painting of a lady with the record player ,Art,8.906192,45.903874,N/A,N/A,Porto Ceresio,N/A,https://drive.google.com/file/d/1HJ6ICh8Cwmy1lCh6sKYVxgM3YIdtSpWG/view?usp=drive_link,N/A,N/A,N/A,N/A
G2_PC2,Jesus Mural ,Cultural,8.906409,45.903915,N/A,N/A,Porto Ceresio,N/A,https://drive.google.com/file/d/1lA_4cf1mkfpplxL_73a9V7cxwklWkTgM/view?usp=drive_link,N/A,N/A,N/A,N/A
G2_PC3,Graffiti (How Jaz),Art,8.90631,45.903813,N/A,N/A,Porto Ceresio,N/A,https://drive.google.com/file/d/1-idbPH_Pes0ytiXGtmkhSwkyzb5zck0H/view?usp=drive_link,N/A,N/A,N/A,N/A
G2_PC4,City Center,Cultural,8.905809,45.903167,N/A,N/A,Porto Ceresio,N/A,https://drive.google.com/file/d/1jjLdl5x79Osd04Y3kzZ-W7zhZIfvId54/view?usp=drive_link,N/A,N/A,N/A,N/A
G2_PC5,Christmas stocking,House Decoration,8.905376,45.902995,N/A,N/A,Porto Ceresio,N/A,https://drive.google.com/file/d/1VeSdttiib_vsUwrewOgdDAOkXuUAohQo/view?usp=drive_link,N/A,N/A,N/A,N/A
G2_PC6,Ave Maria shrine,Cultural,8.904864,45.902729,N/A,N/A,Porto Ceresio,N/A,https://drive.google.com/file/d/1NYo-JcYkeXYv9-YTqa4t-bY1cfV44Bgg/view?usp=drive_link,N/A,N/A,N/A,N/A
G2_PC7,Ambrosio Church (w bell),Church,8.904584,45.90256,N/A,N/A,Porto Ceresio,N/A,https://drive.google.com/file/d/1yoEDdty1rsldJDE_8kcmaOLn1tQVGGaa/view?usp=drive_link,N/A,N/A,N/A,N/A
G2_PC8,Summer Camp Paintings,Art ,8.90428,45.902427,N/A,N/A,Porto Ceresio,N/A,https://drive.google.com/file/d/1Xw8xT-84XqmI-PvdBQ25zQ34PEk1VfA8/view?usp=drive_link,N/A,N/A,N/A,N/A
G2_PC9,Crossing Sign,Art ,8.904269,45.902747,N/A,N/A,Porto Ceresio,N/A,https://drive.google.com/file/d/1ZkgEdxk5s04nfa2j9Q6mtAYhSXx-9J8K/view?usp=drive_link,N/A,N/A,N/A,N/A
G2_PC10,Bus Sign (Caterpillar),Art ,8.904333,45.902977,N/A,N/A,Porto Ceresio,N/A,https://drive.google.com/file/d/1Vhk96dE6xND_nqSzCX7XUvO3MSu0OGYn/view?usp=drive_link,N/A,N/A,N/A,N/A
G2_PC11,Horse Statue by door,House Decoration,8.90327,45.902832,N/A,N/A,Porto Ceresio,N/A,https://drive.google.com/file/d/1oK6DaRUNQcvExRjH2P1Ji3sSHC9KXfyU/view?usp=drive_link,N/A,N/A,N/A,N/A
G2_PC12,Stop Sign Drawing,Art ,8.903156,45.902699,N/A,N/A,Porto Ceresio,N/A,https://drive.google.com/file/d/1qhFkh5Ee65SNK_ruZdwS0arSfyjRB2LW/view?usp=drive_link,N/A,N/A,N/A,N/A
G2_PC13,Library,Cultural,8.903015,45.902848,N/A,N/A,Porto Ceresio,N/A,https://drive.google.com/file/d/1huuzrbny3u79dTp2wZ6fh2lww6Vje8h-/view?usp=drive_link,N/A,N/A,N/A,N/A
G2_PC14,Musuem,Cultural,8.903255,45.902507,N/A,N/A,Porto Ceresio,N/A,https://drive.google.com/file/d/1VSaWfzL2eMifYzNetWSlxjQR1BvRM912/view?usp=drive_link,N/A,N/A,N/A,N/A
G2_PC15,rock family (outside door),House Decoration,8.902459,45.902215,N/A,N/A,Porto Ceresio,N/A,https://drive.google.com/file/d/1owDnZAlC1sTF-E1DaBWSbARRiyWLPqZL/view?usp=drive_link,N/A,N/A,N/A,N/A
G2_PC17,Sun & Moon (outside door),House Decoration,8.901662,45.901245,N/A,N/A,Porto Ceresio,N/A,https://drive.google.com/file/d/1ljYyoovkYtlh9D4QhREQZz3CY5k5DHXO/view?usp=drive_link,N/A,N/A,N/A,N/A
G2_PC18,Kindergarten,Cultural,8.902405,45.901119,N/A,N/A,Porto Ceresio,N/A,https://drive.google.com/file/d/1o6lKhfJx5ipxmTq1e2ogUeQI7lvuiboe/view?usp=drive_link,N/A,N/A,N/A,N/A
G2_PC19,minion street sign,Art Studio,8.901254,45.901316,N/A,N/A,Porto Ceresio,N/A,https://drive.google.com/file/d/1ywNUKNYAK1_0_WMpgBpA9sObl4yoCr6i/view?usp=drive_link,N/A,N/A,N/A,N/A
G2_PC20,owl street sign,Art Studio,8.900431,45.900176,N/A,N/A,Porto Ceresio,N/A,https://drive.google.com/file/d/1PgWqvkIb2VV3wV7U7X_urq72xgQrelGV/view?usp=drive_link,N/A,N/A,N/A,N/A
G2_PC21,Crossing Sign (near school),Art Studio,8.89925,45.900258,N/A,N/A,Porto Ceresio,N/A,https://drive.google.com/file/d/1OLCMlA9yS1c0gdKuScPbZAPDy3Hnd2mG/view?usp=drive_link,N/A,N/A,N/A,N/A
G2_PC22,Gym,Cultural,8.899338,45.900837,N/A,N/A,Porto Ceresio,N/A,https://drive.google.com/file/d/1Flx_ZhZrWXUD3BThanvM-PSYWihAi-ub/view?usp=drive_link,N/A,N/A,N/A,N/A
G2_PC23,Elemantry school,Cultural,8.89882,45.900553,N/A,N/A,Porto Ceresio,N/A,https://drive.google.com/file/d/1ZAkkrqm97K8s2DEguSissuoAcL6TfvX2/view?usp=drive_link,N/A,N/A,N/A,N/A
G2_PC24,Bird Painting,Art Studio,8.898485,45.899948,N/A,N/A,Porto Ceresio,N/A,https://drive.google.com/file/d/1N5Qp9F--uRL1-b07jxm5idbjnhU9taIS/view?usp=drive_link,N/A,N/A,N/A,N/A
G2_PC25,Flying house painting,Art Studio,8.898485,45.899948,N/A,N/A,Porto Ceresio,N/A,https://drive.google.com/file/d/1vlNKJPXrngzMd1kR4tpVymRq9eHgKiw-/view?usp=drive_link,N/A,N/A,N/A,N/A
G2_PC26,Shooting start mosaic,House Decoration,8.897896,45.900196,N/A,N/A,Porto Ceresio,N/A,https://drive.google.com/file/d/1-Ed7wwtggKUIzl7hXeA4yrAlX_yXcZww/view?usp=drive_link,N/A,N/A,N/A,N/A
G2_PC27,Stop Sign + Jesus,Art,8.897687,45.899962,N/A,N/A,Porto Ceresio,N/A,https://drive.google.com/file/d/1BassMQS-t7ZElsRbhH40C3gTfSBHjWP6/view?usp=drive_link,N/A,N/A,N/A,N/A
G2_PC28,Gru,Art,8.897476,45.900333,N/A,N/A,Porto Ceresio,N/A,https://drive.google.com/file/d/1xy4Fq3Z8d4NZlT3sS4C2cezC6BwrD6Rd/view?usp=drive_link,N/A,N/A,N/A,N/A
G2_PC29,Butterflies (outside door),House Decoration,8.896577,45.901238,N/A,N/A,Porto Ceresio,N/A,https://drive.google.com/file/d/1v1gQONKDD6gAB2fesvP9QAyNXehKuXhD/view?usp=drive_link,N/A,N/A,N/A,N/A
G2_PC30,"Birds, flowers, snail pot (outside door)",House Decoration,8.897222,45.901965,N/A,N/A,Porto Ceresio,N/A,https://drive.google.com/file/d/1ZZP-elZtSBr1IYLqqwQtNVR5KstM7iVW/view?usp=drive_link,N/A,N/A,N/A,N/A
G2_PC31,Reindeer on Roof,House Decoration,8.898186,45.90444,N/A,N/A,Porto Ceresio,N/A,https://drive.google.com/file/d/14jON43cYyP_Ovel_AJfpxx3sCTaEuTpT/view?usp=drive_link,N/A,N/A,N/A,N/A
G2_PC32,Dog decor (outside door),House Decoration,8.898035,45.90447,N/A,N/A,Porto Ceresio,N/A,https://drive.google.com/file/d/1ZZP-elZtSBr1IYLqqwQtNVR5KstM7iVW/view?usp=drive_link,N/A,N/A,N/A,N/A
G2_PC33,Community Board,Cultural,8.904484,45.903011,N/A,N/A,Porto Ceresio,N/A,https://drive.google.com/file/d/1yQOu1WCPXKKrFjtmpLZ4VpiOX1CqL5JA/view?usp=drive_link,N/A,N/A,N/A,N/A
G2_L0,Cat Poster,Art,6.630774,46.521625,N/A,N/A,Lausanne,N/A,https://drive.google.com/file/d/1lixwXQG22x0Scn1AXTBytwZcRHTmVT2d/view?usp=drive_link,N/A,N/A,N/A,N/A
G2_L1,Live Music Posters,Cultural,6.630783,46.521691,N/A,N/A,Lausanne,N/A,https://drive.google.com/file/d/1P8S5b3LbAajCoIB4ShHeG6wAgHrqJ0Ma/view?usp=drive_link,N/A,N/A,N/A,N/A
G2_L2,Lion Paper Art,Art,6.630155,46.522837,N/A,N/A,Lausanne,N/A,https://drive.google.com/file/d/1hdXpBGjgELfMhrPg61zbWUdrPCi7qneS/view?usp=drive_link,N/A,N/A,N/A,N/A
G2_L3,Vinyl Record Poster ,Art,6.629755,46.523354,N/A,N/A,Lausanne,N/A,https://drive.google.com/file/d/1r3wT4OJhA4eFNmv1AtKD3K4fjNQc5NU2/view?usp=drive_link,N/A,N/A,N/A,N/A
G2_L4,Easter Chick,Cultural,6.630336,46.522676,N/A,N/A,Lausanne,N/A,https://drive.google.com/file/d/1A6DsyGBn7ULg_Ydwk92Zzo3J0MaWiDfn/view?usp=drive_link,N/A,N/A,N/A,N/A
G2_L5,Church 1,Cultural,6.630867,46.522269,N/A,N/A,Lausanne,N/A,https://drive.google.com/file/d/1i-asJ-6CxWipAvd08yOk2JHPoCOb24aw/view?usp=drive_link,N/A,N/A,N/A,N/A
G2_L6,Grafitti 1,Art,6.630678,46.522498,N/A,N/A,Lausanne,N/A,https://drive.google.com/file/d/174-r_kDs5x-nivl_eVpHCZaCkeL8hkjn/view?usp=drive_link,N/A,N/A,N/A,N/A
G2_L7,Wall Art,Art,6.630707,46.522658,N/A,N/A,Lausanne,N/A,https://drive.google.com/file/d/1BLtOoRdeiJpL2K3tWFHA0UZ8P-vF1SPX/view?usp=drive_link,N/A,N/A,N/A,N/A
G2_L8,Grafitti 2,Art,6.630775,46.522796,N/A,N/A,Lausanne,N/A,https://drive.google.com/file/d/1ESY-EEF2-IojPx7lEgHwiiI0sMMdMF4w/view?usp=drive_link,N/A,N/A,N/A,N/A
G2_L9,Grafitti 3,Art,6.631265,46.523108,N/A,N/A,Lausanne,N/A,https://drive.google.com/file/d/1zv7aCncpMQzQTbxVaCNBFKDU97K2hUxL/view?usp=drive_link,N/A,N/A,N/A,N/A
G2_L10,Church 2,Cultural,6.630935,46.523702,N/A,N/A,Lausanne,N/A,https://drive.google.com/file/d/1eVguaF9aD2QZNIOrwS5Q0m50_BJ9qY0r/view?usp=drive_link,N/A,N/A,N/A,N/A
G2_L11,City Center,Cultural,6.633628,46.523677,N/A,N/A,Lausanne,N/A,https://drive.google.com/file/d/1SAF3BMMOlu40M2vPX73v-K6XVcem-zW5/view?usp=drive_link,N/A,N/A,N/A,N/A
G2_L12,Lausanne By the Sea Art,Art,6.632048,46.522931,N/A,N/A,Lausanne,N/A,https://drive.google.com/file/d/1QilDmwfUWGhvdh3Z39x1igWVRedUdYm4/view?usp=drive_link,N/A,N/A,N/A,N/A
G2_L13,Church 3,Cultural,6.631994,46.523881,N/A,N/A,Lausanne,N/A,https://drive.google.com/file/d/1OWJh5DjNjlV55YLLeuWm5JApba-Ieb5P/view?usp=drive_link,N/A,N/A,N/A,N/A
G2_L14,Oldest Museum,Cultural,6.632098,46.522709,N/A,N/A,Lausanne,N/A,https://drive.google.com/file/d/19nyBurXEGgfOSe67oEKHiM09JMSfNMO5/view?usp=drive_link,N/A,N/A,N/A,N/A
G2_L15,Grafitti 4,Art,6.631471,46.522784,N/A,N/A,Lausanne,N/A,https://drive.google.com/file/d/1GhxTolUenGeswEJd3eWRCDOlOMDoh1-3/view?usp=drive_link,N/A,N/A,N/A,N/A
G2_L16,Pottery ,Art,6.633061,46.5227,N/A,N/A,Lausanne,N/A,https://drive.google.com/file/d/1DID59L-W_GHsLjYHg0pQ3CEp4p0hhpB7/view?usp=drive_link,N/A,N/A,N/A,N/A
G2_L17,Heart Grafitti,Art,6.633104,46.52227,N/A,N/A,Lausanne,N/A,https://drive.google.com/file/d/1ch4jdRoeVKUgtAEZ_uGjoqpI4CA6Z0xz/view?usp=drive_link,N/A,N/A,N/A,N/A
G2_L18,City Center 2,Cultural,6.632825,46.52172,N/A,N/A,Lausanne,N/A,https://drive.google.com/file/d/1ndeMqmefbnEmzm5rvR-lJyXiE0u_MEyr/view?usp=drive_link,N/A,N/A,N/A,N/A
G2_L19,Mini Clock Tower Show,Cultural,6.633408,46.52156,N/A,N/A,Lausanne,N/A,https://drive.google.com/file/d/1RXMXoBIMyRI4GxKRmAHx3HaXO7BBQnf2/view?usp=drive_link,N/A,N/A,N/A,N/A
G2_L20,Water Fountain + Statue,Cultural,6.63327,46.52177,N/A,N/A,Lausanne,N/A,https://drive.google.com/file/d/1P3t6gXhnPEFVRYivVHDInU4cGEvX11si/view?usp=drive_link,N/A,N/A,N/A,N/A
G2_L21,LeBourg Flag,Cultural,6.633681,46.520777,N/A,N/A,Lausanne,N/A,https://drive.google.com/file/d/1X3rXDmIrJEKXbS9pHra7Yh-d6rhED0oH/view?usp=drive_link,N/A,N/A,N/A,N/A
G2_L22,Fish symbol on drain,Art,6.633416,46.520977,N/A,N/A,Lausanne,N/A,https://drive.google.com/file/d/10UXChskqC7_xZw3TbDFBYpmA_Ru2O6qT/view?usp=drive_link,N/A,N/A,N/A,N/A
G2_L23,Eye grafitti,Art,6.633055,46.520749,N/A,N/A,Lausanne,N/A,https://drive.google.com/file/d/1lGCSBtb4NxXjrDDxN__lIqCJCfwyiZHK/view?usp=drive_link,N/A,N/A,N/A,N/A
G2_L24,Fairytale Grafitti,Art,6.632613,46.52151,N/A,N/A,Lausanne,N/A,https://drive.google.com/file/d/1EpKi3u8zgpLoNrpoucN4CdfiPjsM9mnI/view?usp=drive_link,N/A,N/A,N/A,N/A
G2_L25,Hello Kitty Grafitti,Art,6.632555,46.521331,N/A,N/A,Lausanne,N/A,https://drive.google.com/file/d/10DXawXwZnFPJ4x-stuIUt20Gm0oo5qOl/view?usp=drive_link,N/A,N/A,N/A,N/A
G2_L26,Manga Art,Art,6.6327,46.521432,N/A,N/A,Lausanne,N/A,https://drive.google.com/file/d/1h9HCMK3HohiKaGSAe-fILxemqZGZKbtv/view?usp=drive_link,N/A,N/A,N/A,N/A
G2_L27,Education First Center,Cultural,6.63379,46.521059,N/A,N/A,Lausanne,N/A,https://drive.google.com/file/d/12tZXIOMMwyDyS86abfO5nyzOVuWgP1MX/view?usp=drive_link,N/A,N/A,N/A,N/A
G2_L28,Live Music,Cultural,6.633321,46.521404,N/A,N/A,Lausanne,N/A,https://drive.google.com/file/d/1BT6ZMNek0pYQ8yaNAnvuXbLWt1KZBWmT/view?usp=drive_link,N/A,N/A,N/A,N/A
G2_L29,Decorated Fire Hydrant,Art,6.633889,46.522258,N/A,N/A,Lausanne,N/A,https://drive.google.com/file/d/1JETk_-T5FZ_sW7w5I_XfKB3gMaz7dRfi/view?usp=drive_link,N/A,N/A,N/A,N/A
G2_L30,Grafitti 5,Art,6.633912,46.522287,N/A,N/A,Lausanne,N/A,https://drive.google.com/file/d/1u3NPTAUvfpyL0SQhPI613Hb3D7t5z9mG/view?usp=drive_link,N/A,N/A,N/A,N/A
G2_L31,Spider Grafitti,Art,6.634316,46.522495,N/A,N/A,Lausanne,N/A,https://drive.google.com/file/d/1lNtB_lkVdycWO3_0pnkByZiTnxKpKcaQ/view?usp=drive_link,N/A,N/A,N/A,N/A
G2_L32,Big Cathedral,Cultural,6.63523,46.522623,N/A,N/A,Lausanne,N/A,https://drive.google.com/file/d/1ldmdM9o-PouqACrweG3VcXD7Qv5K4WBs/view?usp=drive_link,N/A,N/A,N/A,N/A
G2_L33,Grafitti 6,Art,6.634421,46.522513,N/A,N/A,Lausanne,N/A,https://drive.google.com/file/d/1Avei0PMm-QHRrcSkOijUdHXrtwEUL2SC/view?usp=drive_link,N/A,N/A,N/A,N/A
G2_L34,Stained Glass in Cathedral,Cultural,6.63523,46.522623,N/A,N/A,Lausanne,N/A,https://drive.google.com/file/d/1OhtNHMYrI8fE1h64whrgj4GKcxOO2Txa/view?usp=drive_link,N/A,N/A,N/A,N/A
G3_R0,Pizzeria next to Villa,Restaurant,"8° 58' 13.536"" E",N/A,N/A,N/A,Riva,https://drive.google.com/file/d/1Qih6wP7vEBRdO79yU1TSFagHw3MaXp9c/view?usp=sharing,N/A,"45° 54' 16.404"" N",Closed,0.0,N/A
G3_R1,Osteria Degli Amici,Restaurant,"8° 58' 14.683"" E",N/A,N/A,N/A,Riva,https://drive.google.com/file/d/155kPTBKpz8Yoq8twpChENXeC0uBw8dZn/view?usp=sharing,N/A,"45° 54' 19.264"" N",Open,3.0,N/A
G3_R2,San Giorgio Coppe e Gelati,Restaurant,"8° 58' 16.306"" E",N/A,N/A,N/A,Riva,https://drive.google.com/file/d/16IXkMpaFdIiCo-SKoQDA98f1JYnDblSr/view?usp=sharing,N/A,"45° 54' 18.826"" N",Open,1.0,N/A
G3_R3,La Barberia old school haircut and shave,Personal Care and Health,"8° 58' 16.756"" E",N/A,N/A,N/A,Riva,https://drive.google.com/file/d/10enqxANVoh9g4X29VYs-HpCz_um0vvGk/view?usp=sharing,N/A,"45° 54' 19.015"" N",Open,2.0,N/A
G3_R4,Max Haug,Personal Care and Health,"8° 58' 16.467"" E",N/A,N/A,N/A,Riva,https://drive.google.com/file/d/1p0MbFAftWCxlPpWL9iAo8mGB9V86y5N5/view?usp=sharing,N/A,"45° 54' 19.903"" N",Closed,0.0,N/A
G3_R5,l'alter ego,Personal Care and Health,"8° 58' 16.530"" E",N/A,N/A,N/A,Riva,https://drive.google.com/file/d/16Ftn5B2DNsOUUIepaDODwrxi9YZiu1TG/view?usp=sharing,N/A,"45° 54' 20.026"" N",Closed,0.0,N/A
G3_R6,Endless beauty,Personal Care and Health,"8° 58' 17.033"" E",N/A,N/A,N/A,Riva,https://drive.google.com/file/d/1_mXxvMfZCuQcYO2kip2a9PVzJFQJD300/view?usp=sharing,N/A,"45° 54' 21.009"" N",Closed,0.0,N/A
G3_R7,Il Negozietto Di Maria,Retail & Clothing,"8° 58' 13.557"" E",N/A,N/A,N/A,Riva,https://drive.google.com/file/d/1Mi-AAnE-3hfm7sTpjPOGAdfz1JwJRDwq/view?usp=sharing,N/A,"45° 54' 22.044"" N",Closed,0.0,N/A
G3_R8,Amavita Faramcia,Personal Care and Health,"8° 58' 17.789"" E",N/A,N/A,N/A,Riva,https://drive.google.com/file/d/1j_fKRNvJi4atn0-OmeMxWhz1OmD0IcOD/view?usp=sharing,N/A,"45° 54' 21.989"" N",Closed,0.0,N/A
G3_R9,Maia Gelateria & Crepia,Restaurant,"8° 58' 16.927"" E",N/A,N/A,N/A,Riva,https://drive.google.com/file/d/1kkOtgo99thpIMysKfuWynTVFHK2AVsng/view?usp=sharing,N/A,"45° 54' 22.665"" N",Closed,0.0,N/A
G3_R10,Bernaschima Lab,Personal Care and Health,"8° 58' 16.327"" E",N/A,N/A,N/A,Riva,https://drive.google.com/file/d/1kkOtgo99thpIMysKfuWynTVFHK2AVsng/view?usp=sharing,N/A,"45° 54' 22.737"" N",Closed,0.0,N/A
G3_R11,Beauty Massage Nature Da Isa,Personal Care and Health,"8° 58' 17.165"" E",N/A,N/A,N/A,Riva,https://drive.google.com/file/d/1IT_i2wxV0fXM3Uz4vxpHGrbl33gCiKSX/view?usp=sharing,N/A,"45° 54' 23.141"" N",Closed,0.0,N/A
G3_R12,Bar Del Lago,Restaurant,"8° 58' 18.259"" E",N/A,N/A,N/A,Riva,https://drive.google.com/file/d/1z4BJaLqxsbRQutq0tzNKeeA4NQiAmt7f/view?usp=sharing,N/A,"45° 54' 23.209"" N",Open,3.0,N/A
G3_R13,Posta Filiale,Business Services,"8° 58' 18.986"" E",N/A,N/A,N/A,Riva,https://drive.google.com/file/d/1lMT262wDFaKZIvOtJjdPygT5a-xxwqEZ/view?usp=sharing,N/A,"45° 54' 21.928"" N",Closed,0.0,N/A
G3_R14,Bottega Del Nondo,Retail and Clothing,"8° 58' 18.656"" E",N/A,N/A,N/A,Riva,https://drive.google.com/file/d/1lMT262wDFaKZIvOtJjdPygT5a-xxwqEZ/view?usp=sharing,N/A,"45° 54' 22.029"" N",Closed,0.0,N/A
G3_R15,Cafe Sociale,Restaurant,"8° 58' 22.270"" E",N/A,N/A,N/A,Riva,https://drive.google.com/file/d/1jTr5AZ5BpAQzjEBSkP6mguYrpVLwRE-I/view?usp=sharing,N/A,"45° 54' 20.307"" N",Open,3.0,N/A
G3_R16,Ul Gelatee da Riva,Restaurant,"8° 58' 22.169"" E",N/A,N/A,N/A,Riva,https://drive.google.com/file/d/1R5pv4QDSuyJya2NCONUyqQTF4qXZWGTh/view?usp=sharing,N/A,"45° 54' 20.236"" N",Closed,0.0,N/A
G3_R17,Denner,Retail & Clothing,"8° 58' 21.773"" E",N/A,N/A,N/A,Riva,https://drive.google.com/file/d/1G_cj0KTcs79MDsFQSfdEo1WwDwj0fYtO/view?usp=sharing,N/A,"45° 54' 18.354"" N",Open,10.0,N/A
G3_R18,Raiffeisen,Business Services,"8° 58' 19.916"" E",N/A,N/A,N/A,Riva,https://drive.google.com/file/d/1KLaAog1E6b_ZtvqGDT1VgshGZT_AFsu8/view?usp=sharing,N/A,"45° 54' 18.367"" N",Closed,0.0,N/A
G3_R19,EriKure,Business Services,"8° 58' 23.154"" E",N/A,N/A,N/A,Riva,https://drive.google.com/file/d/1_DEwGeQGjr9kpDwVWOfhaEmFQwjthpuY/view?usp=sharing,N/A,"45° 54' 18.669"" N",Open,2.0,N/A
G3_R20,Ottica Asiraghi,Personal Care and Health,"8° 58' 23.618"" E",N/A,N/A,N/A,Riva,https://drive.google.com/file/d/1zBiaQDAEc3fYB4bBylpfHsU5r1BRVdgj/view?usp=sharing,N/A,"45° 54' 18.175"" N",Open,2.0,N/A
G3_R21,Osteria teatro unione,Restaurant,"8° 58' 26.048"" E",N/A,N/A,N/A,Riva,https://drive.google.com/file/d/1AdMFZ6M5JGotwLFum75L9JlaJsIagtp7/view?usp=sharing,N/A,"45° 54' 17.973"" N",Closed,0.0,N/A
G3_R22,Giotto Industrial Networking,Business Services,"8° 58' 26.108"" E",N/A,N/A,N/A,Riva,https://drive.google.com/file/d/1Ox6owtADqQTIuWGEPvVhbtyWtvHFs5dt/view?usp=sharing,N/A,"45° 54' 17.702"" N",Closed,0.0,N/A
G3_R23,Tre Diamanti Centro Beauty and Hair,Personal Care and Health,"8° 58' 28.566"" E",N/A,N/A,N/A,Riva,https://drive.google.com/file/d/1FsVTZMGjnq2r_PIeyjm5BXHSifLz29Gj/view?usp=sharing,N/A,"45° 54' 17.146"" N",Open,2.0,N/A
G3_R24,Cantieri Nautici Silvano Pasta,Restaurant,"8° 58' 34.660"" E",N/A,N/A,N/A,Riva,https://drive.google.com/file/d/1qc8y2xvR_MFqfbIgc7u_cX_2KrssRVyP/view?usp=sharing,N/A,"45° 54' 15.037"" N",Closed,0.0,N/A
G3_PC0,Caveu,Restaurant,8° 54’ 22.14” E,N/A,N/A,N/A,Porto Ceresio,https://drive.google.com/file/d/1xeYN6HBnluwhpzFp1jwWVnFkGArfg9eZ/view?usp=sharing,N/A,45° 54’ 18.222” N,Closed,0.0,N/A
G3_PC1,Gelateria artigianale,Restaurant,8° 54’ 22.08” E,N/A,N/A,N/A,Porto Ceresio,https://drive.google.com/file/d/1UPPq0bSRlGnFJ9MnZvieJtg00wWRig7d/view?usp=sharing,N/A,45° 54’ 18.222” N,Closed,0.0,N/A
G3_PC2,Tecnocasa ,Business Services,8° 54’ 21.81” E,N/A,N/A,N/A,Porto Ceresio,https://drive.google.com/file/d/1F6odTGibq9VeldNrTr5-HAhdYs20iFdu/view?usp=sharing,N/A,45° 54’ 17.76” N,Closed,0.0,N/A
G3_PC3,Caffe ristorante del Cervo gelateria,Restaurant,8° 54’ 21.678” E,N/A,N/A,N/A,Porto Ceresio,https://drive.google.com/file/d/1lQePn-drL1gQVJHkzy9VVYEOryUi7n-j/view?usp=sharing,N/A,45° 54’ 16.53” N,Open,10.0,N/A
G3_PC4,La trattoria del tempo perso,Restaurant,8° 54’ 22.548” E,N/A,N/A,N/A,Porto Ceresio,https://drive.google.com/file/d/1cNYzMu9QWobSXFtEjB9-9sAanQqrBhKk/view?usp=sharing,N/A,45° 54’ 15.762” N,Open,1.0,N/A
G3_PC5,Adiyaman nemrut pizzeria ,Restaurant,8° 54’ 22.578” E,N/A,N/A,N/A,Porto Ceresio,https://drive.google.com/file/d/1WrJcbO_ojyPzxyzdiibGijSWNWECtBm3/view?usp=sharing,N/A,45° 54’ 15.99” N,Closed,0.0,N/A
G3_PC6,Bar la trappola ,Restaurant,8° 54’ 22.548” E,N/A,N/A,N/A,Porto Ceresio,https://drive.google.com/file/d/1cNYzMu9QWobSXFtEjB9-9sAanQqrBhKk/view?usp=sharing,N/A,45° 54’ 15.762” N,Closed,0.0,N/A
G3_PC7,Porto Bello,Restaurant,8° 54’ 22.512” E,N/A,N/A,N/A,Porto Ceresio,https://drive.google.com/file/d/1t66Z_YiSE7Bfi0fc-A6iELyY1ljgCBcD/view?usp=sharing,N/A,45° 54’ 15.51” N,Closed,0.0,N/A
G3_PC8,Santa caterina Italian bakery ,Restaurant,8° 54’ 22.08” E,N/A,N/A,N/A,Porto Ceresio,https://drive.google.com/file/d/1Uzew7tc5slnEcrNmB42UyGmpHzQYp2ZE/view?usp=sharing,N/A,45° 54’ 15.232” N,Open,4.0,N/A
G3_PC9,Gelateria il golosone ,Restaurant,8° 54’ 21.81” E,N/A,N/A,N/A,Porto Ceresio,https://drive.google.com/file/d/1me7yIJdXSF-U4CE5PIjezNPPTHbfNdwq/view?usp=sharing,N/A,45° 54’ 15.76” N,Open,0.0,N/A
G3_PC10,Centr servizi franchising,Business Services,8° 54’ 21.648” E,N/A,N/A,N/A,Porto Ceresio,https://drive.google.com/file/d/1oQ28GIncgbympYA2_tZey0fY8eH4jpwp/view?usp=sharing,N/A,45° 54’ 14.56” N,Closed,0.0,N/A
G3_PC11,Lachi and menefoglio ,Business Services,8° 54’ 21.648” E,N/A,N/A,N/A,Porto Ceresio,https://drive.google.com/file/d/1TC_ry6kePa_XH8ipbvHNzhWX_nRHfIVf/view?usp=sharing,N/A,45° 54’ 14.762” N,Closed,0.0,N/A
G3_PC12,friggio,Restaurant,8° 54’ 21.578” E,N/A,N/A,N/A,Porto Ceresio,https://drive.google.com/file/d/148N-WPn42SJZiUIrLQYDo2JjJV0jzQJb/view?usp=sharing,N/A,45° 54’ 14.59” N,Open,1.0,N/A
G3_PC13,Dame coffee,Restaurant,8° 54’ 20.528” E,N/A,N/A,N/A,Porto Ceresio,https://drive.google.com/file/d/1LXKTQ2MATH7Pi9exrJZt4OaV0YizqMpw/view?usp=sharing,N/A,45° 54’ 13.752” N,Open,6.0,N/A
G3_PC14,Here um,Personal Care and Health,8° 54’ 20.512” E,N/A,N/A,N/A,Porto Ceresio,https://drive.google.com/file/d/1eoAgOL43qoFKMUmO-5vY4bTtiDgEXKsd/view?usp=sharing,N/A,45° 54’ 13.54” N,Open,2.0,N/A
G3_PC15,Hi beauty,Personal Care and Health,8° 54’ 20.48” E,N/A,N/A,N/A,Porto Ceresio,https://drive.google.com/file/d/1P_9fOfpbk19Kuzub4Vs_Tx6tPUuES6ys/view?usp=sharing,N/A,45° 54’ 13.83” N,Open,2.0,N/A
G3_PC16,Ristorante pizzeria grigliera,Restaurant,8° 54’ 20.73” E,N/A,N/A,N/A,Porto Ceresio,https://drive.google.com/file/d/1Jh2HL0tpAFNnVpFxZ9G62V-WPC_zfLl_/view?usp=sharing,N/A,45° 54’ 12.228” N,Open,5.0,N/A
G3_PC17,Le chic,Retail and Clothing,8° 54’ 19.8” E,N/A,N/A,N/A,Porto Ceresio,https://drive.google.com/file/d/1MEczMPLotdcZzlD1l3008SHaRRke1N0B/view?usp=sharing,N/A,45° 54’ 11.472” N,Closed,0.0,N/A
G3_PC18,Financial mutui ,Business Services,8° 54’ 19.638” E,N/A,N/A,N/A,Porto Ceresio,https://drive.google.com/file/d/13quXlvy30L-bksB42xLNAcTZ9GoJqpCa/view?usp=sharing,N/A,45° 54’ 11.268” N,Closed,0.0,N/A
G3_PC19,Ristorante la Perla ,Restaurant,8° 54’ 19.488” E,N/A,N/A,N/A,Porto Ceresio,https://drive.google.com/file/d/19oGZtd4BH3j2JUvOiY-wzk8agvTChDZs/view?usp=sharing,N/A,45° 54’ 11.088” N,Closed,0.0,N/A
G3_PC20,Panificio siciliano ,Restaurant,8° 54’ 19.248” E,N/A,N/A,N/A,Porto Ceresio,https://drive.google.com/file/d/1AdMFZ6M5JGotwLFum75L9JlaJsIagtp7/view?usp=sharing,N/A,45° 54’ 10.962” N,Closed,0.0,N/A
G3_PC21,Wanza vape ,Retail and Clothing,8° 54’ 19.098” E,N/A,N/A,N/A,Porto Ceresio,https://drive.google.com/file/d/1o-lGvtH9vyU6ZIS3OL0eG6P5tKNSjCjW/view?usp=sharing,N/A,45° 54’ 10.95” N,Closed,0.0,N/A
G3_PC22,Sindicato pensionati italiani,Restaurant,8° 54’ 18.702” E,N/A,N/A,N/A,Porto Ceresio,https://drive.google.com/file/d/1HtpAIM-GEdIRpTEVoUh81DayeFDfq7TL/view?usp=sharing,N/A,45° 54’ 10.692” N,Closed,0.0,N/A
G3_PC23,Il mondo di Simona ,Personal Care and Health,8° 54’ 17.382” E,N/A,N/A,N/A,Porto Ceresio,https://drive.google.com/file/d/1cVdSvP9tvmGElz6nURhZAxt7GFwWLMYQ/view?usp=sharing,N/A,45° 54’ 10.248” N,Closed,0.0,N/A
G3_PC24,Ofele ,Restaurant,8° 54’ 15.9” E,N/A,N/A,N/A,Porto Ceresio,https://drive.google.com/file/d/1GfRFdnmLklDvdspdqcKvqghhlt_Qx1D-/view?usp=sharing,N/A,45° 54’ 9.762” N,Open,6.0,N/A
G3_PC25,Banca popolare di sondrio ,Business Services,8° 54’ 12.87” E,N/A,N/A,N/A,Porto Ceresio,https://drive.google.com/file/d/16V_XoVBhBJijUvzEGZVbiZkl5Qzvj6dg/view?usp=sharing,N/A,45° 54’ 7.11” N,Closed,0.0,N/A
G3_PC26,Lavaggio,Retail & Clothing,"8° 54' 18.87"" E",N/A,N/A,N/A,Porto Ceresio,https://drive.google.com/file/d/1wIsYy3h-oe5sO_RxKnCsXmQK8eOCCion/view?usp=sharing,N/A,"45° 54' 10.902"" N",Closed,0.0,N/A
G3_PC27,Fioroia ,Retail & Clothing,8° 54’ 13.032” E,N/A,N/A,N/A,Porto Ceresio,https://drive.google.com/file/d/1lsYGEHgB79wOaGO25JGa-wtBvC5FiR_k/view?usp=sharing,N/A,45° 54’ 7.278” N,Closed,0.0,N/A
G3_PC28,WeUnit,Business Services,8° 54’ 13.032” E,N/A,N/A,N/A,Porto Ceresio,https://drive.google.com/file/d/1lsYGEHgB79wOaGO25JGa-wtBvC5FiR_k/view?usp=sharing,N/A,45° 54’ 7.278” N,Closed,0.0,N/A
G3_PC29,Luca chirico bike experience,Business Services,8° 54’ 12.96” E,N/A,N/A,N/A,Porto Ceresio,https://drive.google.com/file/d/10y5uCmOimZTVK2iKcXpxvJo140A923j1/view?usp=sharing,N/A,45° 54’ 6.528” N,Closed,0.0,N/A
G3_PC30,Art cafe ,Restaurant,"8° 54' 11.868"" E",N/A,N/A,N/A,Porto Ceresio,https://drive.google.com/file/d/1dNYu_OwEpFQ6L0Rm5hOQNfMUbiZSgaRM/view?usp=sharing,N/A,"45° 54' 5.31"" N",Open,3.0,N/A
G3_PC31,La bellezza e la salute dei tuoi capelli e Della tua pelle,Personal Care and Health,8° 54’ 12.96” E,N/A,N/A,N/A,Porto Ceresio,https://drive.google.com/file/d/10y5uCmOimZTVK2iKcXpxvJo140A923j1/view?usp=sharing,N/A,45° 54’ 6.528” N,Closed,0.0,N/A
G3_PC32,Farmacia ,Personal Care and Health,8° 54’ 12.96” E,N/A,N/A,N/A,Porto Ceresio,https://drive.google.com/file/d/10y5uCmOimZTVK2iKcXpxvJo140A923j1/view?usp=sharing,N/A,45° 54’ 6.528” N,Closed,0.0,N/A
G3_PC33,Immobiliare eresi,Business Services,8° 54’ 12.018” E,N/A,N/A,N/A,Porto Ceresio,https://drive.google.com/file/d/1EOUoQbmpAStsiABG3CUn2NqPzUDQFsF_/view?usp=sharing,N/A,45° 54’ 5.538” N,Closed,0.0,N/A
G3_PC34,Autoscuola ,Business Services,"8° 54' 12.015"" E",N/A,N/A,N/A,Porto Ceresio,https://drive.google.com/file/d/1VZEiRdI9sVOv6eD2XvWwYHYbyanACogl/view?usp=sharing,N/A,"45° 54' 5.420"" N",Closed,0.0,N/A
G3_PC35,Dolce Pausa bar pasticceria,Restaurant,"8° 54' 12.012"" E",N/A,N/A,N/A,Porto Ceresio,https://drive.google.com/file/d/1P0lA_1XZDujnB5M9gSitMG4Kr4rVA8kH/view?usp=sharing,N/A,"45° 54' 5.442"" N",Open,3.0,N/A
G3_PC36,Officina Ceresio,Business Services,"8° 54' 12.012"" E",N/A,N/A,N/A,Porto Ceresio,https://drive.google.com/file/d/1BtneYgOiAdFqOA5422J-QiyqKZdFCHqi/view?usp=sharing,N/A,"45° 54' 5.442"" N",Closed,0.0,N/A
G3_PC37,Hotel il canneto,Business Services,"8° 54' 9.102"" E",N/A,N/A,N/A,Porto Ceresio,https://drive.google.com/file/d/13AOJASWOt9O1JnSkSxeqhtZ-iDPtkNFO/view?usp=sharing,N/A,"45° 54' 9.93"" N",Open,4.0,N/A
G3_PC38,Poste italiane,Business Services,"8° 54' 7.162"" E",N/A,N/A,N/A,Porto Ceresio,https://drive.google.com/file/d/1Gp8shZF14wfqjsxAg3Ps26fDxEULoAPf/view?usp=sharing,N/A,"45° 54' 8.43"" N",Open,1.0,N/A
G3_PC39,Suki sushi ,Restaurant,"8° 54' 9.102"" E",N/A,N/A,N/A,Porto Ceresio,https://drive.google.com/file/d/18vt51kTLmNSAC0DtESTHAAB8nZ1qm_Z0/view?usp=sharing,N/A,"45° 54' 9.93"" N",Open,10.0,N/A
G3_PC40,Biblioteco porta ceresio,Business Services,"8° 54' 8.5"" E",N/A,N/A,N/A,Porto Ceresio,https://drive.google.com/file/d/1fNn47pBTfo53af7DU_Rkifxi2YPYvZog/view?usp=sharing,N/A,"45° 54' 5.132"" N",Closed,0.0,N/A
G3_PC41,Max mary ,Personal Care and Health,"8° 54' 11.0"" E",N/A,N/A,N/A,Porto Ceresio,https://drive.google.com/file/d/1Sjchzmsrd9ZECSpjkAkDAwqhiJe721hf/view?usp=sharing,N/A,"45° 54' 9.72"" N",Open,1.0,N/A
G3_PC42,Il filo di ariamma,Retail & Clothing,"8° 54' 11.7"" E",N/A,N/A,N/A,Porto Ceresio,https://drive.google.com/file/d/1Sjchzmsrd9ZECSpjkAkDAwqhiJe721hf/view?usp=sharing,N/A,"45° 54' 9.768"" N",Closed,0.0,N/A
G3_L0,Christian Watches,Retail & Clothing,"6° 37' 50.949"" E",N/A,N/A,N/A,Lausanne,https://drive.google.com/file/d/1nJHjnjDuPHy-uhvC2I6Yk-LTLFaxbZW0/view?usp=sharing,N/A,"46° 31' 16.068"" N",N/A,N/A,1000-5000
G3_L1,Kiosque du grand-pont,Business Services,"6° 37' 50.949"" E",N/A,N/A,N/A,Lausanne,https://drive.google.com/file/d/1pSwaiXuSEA6BDn_V14QuFkVmmik5ylTh/view?usp=sharing,N/A,"46° 31' 16.068"" N",N/A,N/A,5-70
G3_L2,Baloise,Personal Care and Health,"6° 37' 51.676"" E",N/A,N/A,N/A,Lausanne,https://drive.google.com/file/d/1-dPOW-IpRBiNHDHVBJJd_kypGmq19-kt/view?usp=sharing,N/A,"46° 31' 16.483"" N",N/A,N/A,N/A
G3_L3,Vaudoise Assurance,Business Services,"6° 37' 50.594"" E",N/A,N/A,N/A,Lausanne,https://drive.google.com/file/d/1lJpvXnWL7VHUu7OyhLjSiDMxOIawORVY/view?usp=sharing,N/A,"46° 31' 16.955"" N",N/A,N/A,N/A
G3_L4,PhotoVision,Retail & Clothing,"6° 37' 51.425"" E",N/A,N/A,N/A,Lausanne,https://drive.google.com/file/d/1sB-bLUW53plsqVE8MTnqMrpGqYzEXx4g/view?usp=sharing,N/A,"46° 31' 17.089"" N",N/A,N/A,2-10000
G3_L5,Sweetch,Business Services,"6° 37' 51.421"" E",N/A,N/A,N/A,Lausanne,https://drive.google.com/file/d/1T9eXV6Yyr1tfYbIiqsCOnNGpoTDwh2Ua/view?usp=sharing,N/A,"46° 31' 17.212"" N",N/A,N/A,40-140
G3_L6,Jorge Cardoso Chocolaterie,Restaurant,"6° 37' 51.811"" E",N/A,N/A,N/A,Lausanne,https://drive.google.com/file/d/1gV09uZySZI7BOkHhiSL_6j75anRLUwJt/view?usp=sharing,N/A,"46° 31' 17.265"" N",N/A,N/A,2-50
G3_L7,Intrigo Gelateria Artigianole,Restaurant,"6° 37' 51.361"" E",N/A,N/A,N/A,Lausanne,https://drive.google.com/file/d/1dQc2ChWsaMGI-wmTgxIR6woGUZ6Dnuwr/view?usp=sharing,N/A,"46° 31' 17.395"" N",N/A,N/A,4-30
G3_L8,Estheme Cachemire,Retail & Clothing,"6° 37' 51.354"" E",N/A,N/A,N/A,Lausanne,https://drive.google.com/file/d/1JY6hEkqiWRWlr-rYhH7vxAqLxcluug_o/view?usp=sharing,N/A,"46° 31' 17.634"" N",N/A,N/A,30-300
G3_L9,Coccinelle Café,Restaurant,"6° 37' 50.918"" E",N/A,N/A,N/A,Lausanne,https://drive.google.com/file/d/1xLDGmpCSNwE4bn7sD4Q_cY0rS5IVBLvM/view?usp=sharing,N/A,"46° 31' 18.024"" N",N/A,N/A,5.50-28.50
G3_L10,Carnier Caiffure,Personal Care and Health,"6° 37' 51.723"" E",N/A,N/A,N/A,Lausanne,https://drive.google.com/file/d/1C3pHrgzdYBvF7xiuOTllZpH-p9D7bAQg/view?usp=sharing,N/A,"46° 31' 18.327"" N",N/A,N/A,16-245
G3_L11,Lulu & Nenette,Personal Care and Health,"6° 37' 51.698"" E",N/A,N/A,N/A,Lausanne,https://drive.google.com/file/d/1tNUPS1AE-ggVjGpOKu9Y5YTqK5jpdTEz/view?usp=sharing,N/A,"46° 31' 18.267"" N",N/A,N/A,100-500
G3_L12,Manor,Retail & Clothing,"6° 37' 52.916"" E",N/A,N/A,N/A,Lausanne,https://drive.google.com/file/d/1BQSr-ZIbu1yh5TxDLIVLPINGGTZCIs3M/view?usp=sharing,N/A,"46° 31' 19.896"" N",N/A,N/A,10-500
G3_L13,Beyouty Salon,Personal Care and Health,"6° 37' 51.350"" E",N/A,N/A,N/A,Lausanne,https://drive.google.com/file/d/1le_Woi0ckmxEfTFGXUmzx7nlHMng-uOU/view?usp=sharing,N/A,"46° 31' 18.656"" N",N/A,N/A,10-100
G3_L14,Bijouterie Grand St-Jean,Retail & Clothing,"6° 37' 51.172"" E",N/A,N/A,N/A,Lausanne,https://drive.google.com/file/d/1lhJa2T79mTaArzy5DLkiLveTYj2xEVaB/view?usp=sharing,N/A,"46° 31' 18.675"" N",N/A,N/A,100-2000
G3_L15,We,Retail & Clothing,"6° 37' 50.949"" E",N/A,N/A,N/A,Lausanne,https://drive.google.com/file/d/18DFKtcwjpI7QHz5LYOfkrzEoVNqVJC5a/view?usp=sharing,N/A,"46° 31' 18.635"" N",N/A,N/A,10-300
G3_L16,Krispy Kreme,Restaurant,"6° 37' 50.580"" E",N/A,N/A,N/A,Lausanne,https://drive.google.com/file/d/1d29Lcowh_n4h0kfiB3XrY5_wPHeaPU22/view?usp=sharing,N/A,"46° 31' 18.417"" N",N/A,N/A,2.50-50
G3_L17,Amavita Conod,Personal Care and Health,"6° 37' 49.870"" E",N/A,N/A,N/A,Lausanne,https://drive.google.com/file/d/1Fzmg5jMC45xz8vtT0JH_0_4UfG8R0sUo/view?usp=sharing,N/A,"46° 31' 18.506"" N",N/A,N/A,5-100
G3_L18,Etam Pariss,Retail & Clothing,"6° 37' 49.893"" E",N/A,N/A,N/A,Lausanne,https://drive.google.com/file/d/1du7InLAxJa4g3XVKtY5EFk1Qf_IsmC2i/view?usp=sharing,N/A,"46° 31' 18.794"" N",N/A,N/A,20-200
G3_L19,Animshop,Retail & Clothing,"6° 37' 50.842"" E",N/A,N/A,N/A,Lausanne,https://drive.google.com/file/d/11XLy-h-W0Vp0jqmLD6OPL2H6Lo6X5i5b/view?usp=sharing,N/A,"46° 31' 19.082"" N",N/A,N/A,5-500
G3_L20,Drafil,Retail & Clothing,"6° 37' 50.436"" E",N/A,N/A,N/A,Lausanne,https://drive.google.com/file/d/1cBJqE-ktgln7cC0oVr_121poTiNo828h/view?usp=sharing,N/A,"46° 31' 19.425"" N",N/A,N/A,10-1000
G3_L21,Oakberry Açaí,Restaurant,"6° 37' 49.687"" E",N/A,N/A,N/A,Lausanne,https://drive.google.com/file/d/1IhfvFgctWeefp6NgHwrfKT1OyrLtaiRM/view?usp=sharing,N/A,"46° 31' 19.016"" N",N/A,N/A,3-20
G3_L22,Bluety,Retail & Clothing,"6° 37' 49.733"" E",N/A,N/A,N/A,Lausanne,https://drive.google.com/file/d/1ShKzJ4u95Ls4Vq1B1bhFr6oGqr1zOoI_/view?usp=sharing,N/A,"46° 31' 19.543"" N",N/A,N/A,100-10000
G3_L23,Lyca Mobile Presse Souvenirs,Retail & Clothing,"6° 37' 49.821"" E",N/A,N/A,N/A,Lausanne,https://drive.google.com/file/d/1JJ-YyVf8vJ_O73KXDHiQwddDfrr5W1rx/view?usp=sharing,N/A,"46° 31' 19.849"" N",N/A,N/A,1-50
G3_L24,Tally Weijl,Retail & Clothing,"6° 37' 49.821"" E",N/A,N/A,N/A,Lausanne,https://drive.google.com/file/d/18g19LBz4N3nL6qCEQP629LFX1EOhPc1X/view?usp=sharing,N/A,"46° 31' 19.849"" N",N/A,N/A,10-200
G3_L25,Salt.,Business Services,"6° 37' 49.614"" E",N/A,N/A,N/A,Lausanne,https://drive.google.com/file/d/1gAmXxh7nqk6Hp6GdvGkqDBlA0j5cF5mY/view?usp=sharing,N/A,"46° 31' 20.184"" N",N/A,N/A,19.95-1899
G3_L26,McDonald’s,Restaurant,"6° 37' 50.205"" E",N/A,N/A,N/A,Lausanne,https://drive.google.com/file/d/1qpmZIo6DNZiZUzNFat4rMIi-TYFM30gs/view?usp=sharing,N/A,"46° 31' 21.172"" N",N/A,N/A,2-40
G3_L27,Subdued,Retail & Clothing,"6° 37' 51.004"" E",N/A,N/A,N/A,Lausanne,https://drive.google.com/file/d/1OnCG-UCenIGoem4XWHPTSRvAh3nAl_fC/view?usp=sharing,N/A,"46° 31' 21.260"" N",N/A,N/A,10-400
G3_L28,Maison Buet Lausanne,Restaurant,"6° 37' 51.632"" E",N/A,N/A,N/A,Lausanne,https://drive.google.com/file/d/1m7NuOxYjAv0jC_4yxIdvtmFEq1nAKyUO/view?usp=sharing,N/A,"46° 31' 20.783"" N",N/A,N/A,2-55
G3_L29,Doodah,Retail & Clothing,"6° 37' 51.931"" E",N/A,N/A,N/A,Lausanne,https://drive.google.com/file/d/119lASIksV37ZTNP0xF1K0bBuTM3minxV/view?usp=sharing,N/A,"46° 31' 21.536"" N",N/A,N/A,30-2000
G3_L30,Kuoni,Business Services,"6° 37' 52.145"" E",N/A,N/A,N/A,Lausanne,https://drive.google.com/file/d/1Y6TTnX7XPQx3K1UX5pRkIm-7QbSbff7T/view?usp=sharing,N/A,"46° 31' 21.018"" N",N/A,N/A,N/A
G3_L31,Amplifon,Business Services,"6° 37' 52.610"" E",N/A,N/A,N/A,Lausanne,https://drive.google.com/file/d/10DHdALT3C3U4rEO_xZ9MmlpM8Lu_AFMv/view?usp=sharing,N/A,"46° 31' 21.251"" N",N/A,N/A,N/A
G3_L32,Bolia.com,Retail & Clothing,"6° 37' 52.243"" E",N/A,N/A,N/A,Lausanne,https://drive.google.com/file/d/1i9o-hiYQ1SR_abHJrk6L1i9H3nXM_JO2/view?usp=sharing,N/A,"46° 31' 21.517"" N",N/A,N/A,100-20000
G3_L33,Crazy Wolf,Restaurant,"6° 37' 52.655"" E",N/A,N/A,N/A,Lausanne,https://drive.google.com/file/d/18217MhJKao1iw7mchAssy0FLMHrFz_tp/view?usp=sharing,N/A,"46° 31' 21.179"" N",N/A,N/A,16-30
G3_L34,Savoréa Saveurs & Créations,Restaurant,"6° 37' 52.754"" E",N/A,N/A,N/A,Lausanne,https://drive.google.com/file/d/1BOtSmewcaw4KS4JLntFL2YrgLpav94SH/view?usp=sharing,N/A,"46° 31' 21.074"" N",N/A,N/A,2-50
G3_L35,New BeadBox,Retail & Clothing,"6° 37' 52.771"" E",N/A,N/A,N/A,Lausanne,https://drive.google.com/file/d/1IAXWVpz6-hMIdvmjWcp7aSjSqR56ACaQ/view?usp=sharing,N/A,"46° 31' 22.005"" N",N/A,N/A,10-300
G3_L36,Foot Locker,Retail & Clothing,"6° 37' 53.563"" E",N/A,N/A,N/A,Lausanne,https://drive.google.com/file/d/1McWtk-vzUQ3A_CFZ0nUsusKLDKEhKgjv/view?usp=sharing,N/A,"46° 31' 21.469"" N",N/A,N/A,100-600
G3_L37,Assos,Retail & Clothing,"6° 37' 52.830"" E",N/A,N/A,N/A,Lausanne,https://drive.google.com/file/d/1-jMOyI3bk57bovCAQKrVz3RvlG8hZul7/view?usp=sharing,N/A,"46° 31' 21.796"" N",N/A,N/A,109-5000
G3_L38,Mobilezone,Retail & Clothing,"6° 37' 53.656"" E",N/A,N/A,N/A,Lausanne,https://drive.google.com/file/d/1yN1CnZSiRCqQCwYkhHxfr-evbN8brpAL/view?usp=sharing,N/A,"46° 31' 21.644"" N",N/A,N/A,19-2000
G3_L39,Aeschbach,Retail & Clothing,"6° 37' 53.202"" E",N/A,N/A,N/A,Lausanne,https://drive.google.com/file/d/1Y3nBWYeiQeBLobt0R3An7rMYMDG4UceN/view?usp=sharing,N/A,"46° 31' 22.432"" N",N/A,N/A,20-500
G3_L40,Perosa Dessous Fashion,Retail & Clothing,"6° 37' 54.321"" E",N/A,N/A,N/A,Lausanne,https://drive.google.com/file/d/112rYKSQSrvDID75l-fDzgYE2m2zFgqGo/view?usp=sharing,N/A,"46° 31' 22.204"" N",N/A,N/A,20-300
G3_L41,Fun Case,Retail & Clothing,"6° 37' 54.002"" E",N/A,N/A,N/A,Lausanne,https://drive.google.com/file/d/1LL6JwSrWHc64-rITSjg0FH8_5RpUIX58/view?usp=sharing,N/A,"46° 31' 21.879"" N",N/A,N/A,20-2000
G3_L42,Pylones,Retail & Clothing,"6° 37' 53.563"" E",N/A,N/A,N/A,Lausanne,https://drive.google.com/file/d/1C0LqpbipP4j--8OARaEXisx5BP9FwdeS/view?usp=sharing,N/A,"46° 31' 22.687"" N",N/A,N/A,5-100
G3_L43,Sun Store,Personal Care and Health,"6° 37' 54.555"" E",N/A,N/A,N/A,Lausanne,https://drive.google.com/file/d/1Wwyvtv3Bt2u4DdcoNESjGb6v6PRE6OUb/view?usp=sharing,N/A,"46° 31' 22.673"" N",N/A,N/A,10-200
G3_L44,Undiz,Retail & Clothing,"6° 37' 53.761"" E",N/A,N/A,N/A,Lausanne,https://drive.google.com/file/d/1zNudcn2eE_KDbLWBz3LJ-XV3DZYKI3BU/view?usp=sharing,N/A,"46° 31' 22.819"" N",N/A,N/A,10-200
G3_L45,L’Ecritoire designVivishop,Retail & Clothing,"6° 38' 9.545"" E",N/A,N/A,N/A,Lausanne,https://drive.google.com/file/d/1coGWt9AGosHp7MyOskjbehtKt7qr1T-e/view?usp=sharing,N/A,"46° 31' 20.136"" N",N/A,N/A,2-500
G3_L46,ViviShop,Retail & Clothing,"6° 38' 10.009"" E",N/A,N/A,N/A,Lausanne,https://drive.google.com/file/d/1VZBuFWfifUumsWA22s55P6vTmj6SZqad/view?usp=sharing,N/A,"46° 31' 19.722"" N",N/A,N/A,30-500
G3_L47,Creation Naphta Line,Retail & Clothing,"6° 38' 10.282"" E",N/A,N/A,N/A,Lausanne,https://drive.google.com/file/d/196L6IL7gaCUNjy3GrIfuOpVwk5I9ctiF/view?usp=sharing,N/A,"46° 31' 20.232"" N",N/A,N/A,10-200
G3_L48,Cafe de l’eveche,Restaurant,"6° 38' 9.730"" E",N/A,N/A,N/A,Lausanne,https://drive.google.com/file/d/1qBZC5Kx4_AdZcaOzpt9JiuKA5xHLlBbw/view?usp=sharing,N/A,"46° 31' 19.000"" N",N/A,N/A,4-50
G3_L49,Bagha,Restaurant,"6° 38' 9.973"" E",N/A,N/A,N/A,Lausanne,https://drive.google.com/file/d/1tcKIQUnTMUJf_rkg2QI4896dGvrdJrIO/view?usp=sharing,N/A,"46° 31' 18.127"" N",N/A,N/A,5-30
G3_L50,Tabac Bessières,Business Services,"6° 38' 9.739"" E",N/A,N/A,N/A,Lausanne,https://drive.google.com/file/d/1VFrrlareGMcEleJ0N0SuW3omzhnEFW8q/view?usp=sharing,N/A,"46° 31' 17.999"" N",N/A,N/A,2-50
G3_L51,Montres Anciennes,Retail & Clothing,"6° 38' 9.739"" E",N/A,N/A,N/A,Lausanne,https://drive.google.com/file/d/1HAlKTHaU4-40B-2kb9sbZppyJvMnDhdo/view?usp=sharing,N/A,"46° 31' 17.999"" N",N/A,N/A,40-400
G3_L52,Bijoux Marin arqent,Retail & Clothing,"6° 38' 9.739"" E",N/A,N/A,N/A,Lausanne,https://drive.google.com/file/d/1HlrLoiw0sNl4Z2my8t64BswWQcCl90kk/view?usp=sharing,N/A,"46° 31' 17.999"" N",N/A,N/A,50-1000
G3_L53,Chez Maud,Restaurant,"6° 38' 10.878"" E",N/A,N/A,N/A,Lausanne,https://drive.google.com/file/d/1bT4JUOkoCQD_3lDVKBl0c1xV1aS0Zk9T/view?usp=sharing,N/A,"46° 31' 17.771"" N",N/A,N/A,5-50
G3_L54,Raw Unique Iconic,Retail & Clothing,"6° 38' 4.215"" E",N/A,N/A,N/A,Lausanne,https://drive.google.com/file/d/1QgS97qsjpajdJ78Z-h7xtB-zk7Bbi-O1/view?usp=sharing,N/A,"46° 31' 17.532"" N",N/A,N/A,30-150
G3_L55,Viceversa,Retail & Clothing,"6° 38' 2.462"" E",N/A,N/A,N/A,Lausanne,https://drive.google.com/file/d/1QgS97qsjpajdJ78Z-h7xtB-zk7Bbi-O1/view?usp=sharing,N/A,"46° 31' 18.623"" N",N/A,N/A,100-500
G3_L56,Creperie La Chandeleur,Restaurant,"6° 38' 5.339"" E",N/A,N/A,N/A,Lausanne,https://drive.google.com/file/d/1RxfWZhhHp_sHg20N3MD7hYz5LugiEWWg/view?usp=sharing,N/A,"46° 31' 17.992"" N",N/A,N/A,5-50
G3_L57,APEF (association pour l’entraide familiale),Business Services,"6° 38' 4.276"" E",N/A,N/A,N/A,Lausanne,https://drive.google.com/file/d/18ABAXKbVZ_bM_-zcA8RF9PNF_QBoZz49/view?usp=sharing,N/A,"46° 31' 18.114"" N",N/A,N/A,N/A
G3_L58,Marelle,Retail & Clothing,"6° 38' 3.517"" E",N/A,N/A,N/A,Lausanne,https://drive.google.com/file/d/1O0BDHrAXSf05yfWwKC3wRaSztWn7Gmfr/view?usp=sharing,N/A,"46° 31' 18.557"" N",N/A,N/A,10-500
G3_L59,Laboratori (60),Retail & Clothing,"6° 38' 2.314"" E",N/A,N/A,N/A,Lausanne,https://drive.google.com/file/d/1F5p9myeqlMUzrnrcveauvuc74mhjpgki/view?usp=sharing,N/A,"46° 31' 17.897"" N",N/A,N/A,20-200
G3_L60,Atelier Des Gourmands,Restaurant,"6° 38' 3.147"" E",N/A,N/A,N/A,Lausanne,https://drive.google.com/file/d/1-LXwi3ET0elqD6YFba38SoUq1Nuagdeb/view?usp=sharing,N/A,"46° 31' 17.927"" N",N/A,N/A,5-100
G3_L61,Durig Chocolatier,Restaurant,"6° 38' 2.782"" E",N/A,N/A,N/A,Lausanne,https://drive.google.com/file/d/1tFdC0vl9HIYGPgknUVaVWMTEa-WVTDCQ/view?usp=sharing,N/A,"46° 31' 18.696"" N",N/A,N/A,2-200
G3_L62,Globus,Retail & Clothing,"6° 38' 2.405"" E",N/A,N/A,N/A,Lausanne,https://drive.google.com/file/d/1olTiIXa5oULOU114n3_PzjDKdJ8olQFW/view?usp=sharing,N/A,"46° 31' 18.227"" N",N/A,N/A,10-200
G3_L63,Walpurgis,Retail & Clothing,"6° 38' 2.318"" E",N/A,N/A,N/A,Lausanne,https://drive.google.com/file/d/1olTiIXa5oULOU114n3_PzjDKdJ8olQFW/view?usp=sharing,N/A,"46° 31' 18.704"" N",N/A,N/A,20-200
G3_L64,Collection 66,Retail & Clothing,"6° 38' 2.253"" E",N/A,N/A,N/A,Lausanne,https://drive.google.com/file/d/14qHoia3XI-oar86tOaOPADyMu1VSdJUW/view?usp=sharing,N/A,"46° 31' 18.872"" N",N/A,N/A,20-200
G3_L65,D’Luxe,Retail & Clothing,"6° 38' 2.222"" E",N/A,N/A,N/A,Lausanne,https://docs.google.com/spreadsheets/d/1b9DfB862_zUhfKlTt7ZDIZJj81s4pbzpJ3Dw35hL0rA/edit?usp=sharing,N/A,"46° 31' 18.890"" N",N/A,N/A,20-200
G3_L66,Jérôme Coiffure,Personal Care and Health,"6° 38' 1.569"" E",N/A,N/A,N/A,Lausanne,https://drive.google.com/file/d/1vGzNu6SyG0o1Vi3NEDh47KvwRK-aW6de/view?usp=sharing,N/A,"46° 31' 18.895"" N",N/A,N/A,10-100
