Observation ID,Name,Data Type,Latitude,Longitude,Color,Material,Town,Link to Picture,Open/Closed,Number of People,Price Range (CHF)
G1_R0,Solar Panel 1,Solar Panel,45.90187,8.97062,Black,crystalline silicon,Riva San Vitale,https://drive.google.com/file/d/1P91eS5RCPLk_TuPHWM9bnzRaUt6PiUlj/view?usp=drive_link,N/A,N/A,N/A
G1_R1,Statues 1,Statues,45.9044,8.97055,Pale off-white/cream,lime-plastered masonry,Riva San Vitale,https://drive.google.com/file/d/1tgSBeQguIu10f5zDgBp02bva-xZ01Us-/view?usp=drive_link,N/A,N/A,N/A
G1_R2,Solar Panel 2,Solar Panel,45.90696,8.97095,Black,crystalline silicon,Riva San Vitale,https://drive.google.com/file/d/1kngJeMCJY5VlB6FlyZPtl58rvjKAhYR3/view?usp=sharing,N/A,N/A,N/A
G1_R3,Floors 1,Floors/Bridges,45.90608,8.97254,Gray,Pre-cast concrete (cement + sand + crushed aggregate with iron-oxide pigments,Riva San Vitale,https://drive.google.com/file/d/1y7Ue-Iqir3_Tj5Hbs8yPCeWHOEIM9I7I/view?usp=sharing,N/A,N/A,N/A
G1_R4,Floors 2,Floors/Bridges,45.90475,8.97052,Light Gray,natural igneous stone,Riva San Vitale,https://drive.google.com/file/d/1X3TihpIcc6KJDSuwy2_-2CIxiJfV8DLv/view?usp=sharing,N/A,N/A,N/A
G1_R5,Fountain 1,Fountains,45.90572,8.9713,Light Gray,granite,Riva San Vitale,https://drive.google.com/file/d/1D0GOe--hKk6VdRS2iYmQEIBkBfKWa7YV/view?usp=sharing,N/A,N/A,N/A
G1_R6,Fountain 2,Fountains,45.90338,8.97015,Gray,porous calcareous stone,Riva San Vitale,https://drive.google.com/file/d/1Gyy81htRjRq1Mv0H5KtIlnfnb4xLPglN/view?usp=drive_link,N/A,N/A,N/A
G1_R7,Statues 2,Statues,45.90538,8.9711,Green,bronze,Riva San Vitale,https://drive.google.com/file/d/1o0Vgj0eUTNCNaa0Rt9UY5M3_vbr_3-6z/view?usp=drive_link,N/A,N/A,N/A
G1_R8,Floors 3,Floors/Bridges,45.90533,8.97229,Light Gray,concrete,Riva San Vitale,https://drive.google.com/file/d/125CT2f_R9yzz8LjEHoVz6t_ModQXlZc3/view?usp=sharing,N/A,N/A,N/A
G1_R9,Floors 4,Floors/Bridges,45.90469,8.97089,Gray,limestone,Riva San Vitale,https://drive.google.com/file/d/1ZuanmT2az0urOML86uZm60cjH94AYoJZ/view?usp=sharing,N/A,N/A,N/A
G1_R10,Statues 3,Statues,45.90394,8.97057,Green,bronze,Riva San Vitale,https://drive.google.com/file/d/1XyDr3Xn6PGDf_PQjw4lJDvMApwoYVJlW/view?usp=drive_link,N/A,N/A,N/A
G1_R11,Building 1,Building,45.9031,8.97038,Pink,masonry walls,Riva San Vitale,https://drive.google.com/file/d/1WKdSvuEDD-zM6U_TMK8kZQ8mrYt1S9fV/view?usp=sharing,N/A,N/A,N/A
G1_R12,Building 2,Building,45.9055,8.97067,Beige/Black/Brown,fieldstone,Riva San Vitale,https://drive.google.com/file/d/1YdVpo7OJ1YgKwTgohKW19jU2XTXXpYqm/view?usp=sharing,N/A,N/A,N/A
G1_R13,Archways 1,Archways,45.90566,8.97118,Beige,limestone,Riva San Vitale,https://drive.google.com/file/d/1XmiB-2tGJCCkbDGs9DETN8--2pNw25y1/view?usp=drive_link,N/A,N/A,N/A
G1_R14,Building 3,Building,45.90575,8.97061,Grey/Green,Masonry walls,Riva San Vitale,https://drive.google.com/file/d/1ozg5TAK8Xmbp3nmBRhpDk1T_61_yOE14/view?usp=sharing,N/A,N/A,N/A
G1_R15,Building 4,Building,45.90691,8.97001,Yellow,masonry walls,Riva San Vitale,https://drive.google.com/file/d/1UgEKVW8DvS2mBYLj6O_QbnvzY5S-xSVd/view?usp=sharing,N/A,N/A,N/A
G1_R16,Archway 2,Archways,45.90586,8.971,White,masonry,Riva San Vitale,https://drive.google.com/file/d/1ROHhglJH_XPLnqC7nlLMWdCMQj18sjTw/view?usp=drive_link,N/A,N/A,N/A
G1_R17,Archway 3,Archways,45.90615,8.97014,Brown,stone masonry,Riva San Vitale,https://drive.google.com/file/d/1w2Om1p4V9qOWLHWhPKCk6XMvD5b7l5rQ/view?usp=drive_link,N/A,N/A,N/A
G1_R18,Doors 1,Doors,45.90461,8.97078,Brown,Wood,Riva San Vitale,https://drive.google.com/file/d/1J1hUvw2zIzOonC4uCQUYsbNg34tbFoeI/view?usp=drive_link,N/A,N/A,N/A
G1_R19,Doors 2,Doors,45.90419,8.97054,Green,Wood,Riva San Vitale,https://drive.google.com/file/d/1khapkGGvCCVRcKtwazSpOY3k2NOoKNQf/view?usp=drive_link,N/A,N/A,N/A
G1_PC0,Floors 5,Floors/Bridges,45.90431,8.90564,Grey,Stone,Porto Ceresio,https://drive.google.com/file/d/1zV76k5XSLO6agjgpv1xT-BQ2D73arLiE/view?usp=sharing,N/A,N/A,N/A
G1_PC1,Floors 6,Floors/Bridges,45.90356,8.90109,Grey/Brown,Wood,Porto Ceresio,https://drive.google.com/file/d/1UMhewFmdXqZYh8aa8446uY14oMK6Nbd5/view?usp=sharing,N/A,N/A,N/A
G1_PC2,Floors 7,Floors/Bridges,45.90252,8.90384,Grey,Stone,Porto Ceresio,https://drive.google.com/file/d/1GoSoLxhgyLqthI6sYFaLXwE4PeYf_co5/view?usp=sharing,N/A,N/A,N/A
G1_PC3,Floors 8,Floors/Bridges,45.904,8.90551,Brown,Wood,Porto Ceresio,https://drive.google.com/file/d/1NDiV4eWFjb6ydfW6VclgAX8OZyVNYXax/view?usp=sharing,N/A,N/A,N/A
G1_PC4,Floors 9,Floors/Bridges,45.90201,8.90361,Brown,Stone,Porto Ceresio,https://drive.google.com/file/d/1BdAs2yEJKIZsnvaiydBxRYKs0bR5kzgH/view?usp=sharing,N/A,N/A,N/A
G1_PC5,Floors 10,Floors/Bridges,45.90394,8.90617,Black/White,Marble,Porto Ceresio,https://drive.google.com/file/d/1j5c0VDtGwC-JXqw2oz1oIPhQagOKfwfq/view?usp=sharing,N/A,N/A,N/A
G1_PC6,Floors 11,Floors/Bridges,45.90452,8.90608,Gray/Brown,Stone,Porto Ceresio,https://drive.google.com/file/d/1WIBISwLIwOmQgJ_rs4wU1qZkcwjaYQES/view?usp=sharing,N/A,N/A,N/A
G1_PC7,Floors 12,Floors/Bridges,45.90452,8.90608,Black/Brick Red,stone   ,Porto Ceresio,https://drive.google.com/file/d/1BnV4H-u9hvK4Yf92bZCFSjqq6xnZ2mPd/view?usp=sharing,N/A,N/A,N/A
G1_PC8,Floors 13,Floors/Bridges,45.90452,8.90608,Brown,stone,Porto Ceresio,https://drive.google.com/file/d/1T-Gopzcgov7bYlkSeeF_B3IY0LhlDfkY/view?usp=sharing,N/A,N/A,N/A
G1_PC9,Fountain 3,Fountains,45.90452,8.90608,Brown/Grey,metal,Porto Ceresio,https://drive.google.com/file/d/1TAybYt8BGEzX-95oCvGcAc1yCP9HIs0h/view?usp=sharing,N/A,N/A,N/A
G1_PC10,Statues 4,Statues,45.90452,8.90608,Gray,bronze ,Porto Ceresio,https://drive.google.com/file/d/10YO5WOfOtM6W8sAKXFLSw34_E9K6-j3X/view?usp=sharing,N/A,N/A,N/A
G1_PC11,Statues 5,Statues,45.90452,8.90608,Gray,Stone,Porto Ceresio,https://drive.google.com/file/d/1LAmn6B0cT39DNs88YC2mWISNaGtfgqkz/view?usp=sharing,N/A,N/A,N/A
G1_PC12,Statues 6,Statues,45.90316,8.90158,Red,Metal,Porto Ceresio,https://drive.google.com/file/d/1tDvtemqhMvoGv4jYjsF5tfwnWTuoq1Y6/view?usp=sharing,N/A,N/A,N/A
G1_PC13,Doors 3,Doors,45.90232,8.90254,Blue,Steel,Porto Ceresio,https://drive.google.com/file/d/138KCPUdtpxUAvpHFySVlPVdX7lDrJXQw/view?usp=sharing,N/A,N/A,N/A
G1_PC14,Building 5,Building,45.90401,8.90613,Yellow Striped,Masonry,Porto Ceresio,https://drive.google.com/file/d/1bwgVCPdZb-A6ZJkkSS0MVdmHED6s-4am/view?usp=sharing,N/A,N/A,N/A
G1_PC15,Building 6,Building,45.90272,8.90312,White/Tan,Masonry,Porto Ceresio,https://drive.google.com/file/d/1B86GSGdx_Yk5vBKzVoe8DzViynspniXW/view?usp=sharing,N/A,N/A,N/A
G1_PC16,Building 7,Building,45.90271,8.90442,Brown/Tan,Masonry,Porto Ceresio,https://drive.google.com/file/d/1rtUvxZE7TioIFFjSCwA_23Hbdo8nDMTO/view?usp=sharing,N/A,N/A,N/A
G1_PC17,Building 8,Building,45.90397,8.90628,Brown/Tan,Stone Masonry,Porto Ceresio,https://drive.google.com/file/d/11aoTum1Xp_3Odee_fOIr3k0PAvh67CoL/view?usp=sharing,N/A,N/A,N/A
G1_PC18,Floor 14,Floors/Bridges,45.90485,8.89904,Beige,Polypropylene tiles,Porto Ceresio,https://drive.google.com/file/d/1uLYnjFLsyIPbIz5oLcvANyQXlfjWGzdq/view?usp=sharing,N/A,N/A,N/A
G1_PC19,Floor 15,Floors/Bridges,45.90401,8.90065,Brown/Tan,Treated Timber,Porto Ceresio,https://drive.google.com/file/d/1EdpfbciR_nngSmOrW6fCza_fU3PSh29D/view?usp=sharing,N/A,N/A,N/A
G1_PC20,Solar Panel 3,Solar Panel,45.90439,8.89906,Black,Silicon crystal ingot,Porto Ceresio,https://drive.google.com/file/d/1UAM40AlFlQVpD72t-JC_0BcZDcpzp29n/view?usp=drive_link,N/A,N/A,N/A
G1_PC21,Doors 4,Doors,45.90246,8.90259,Clear/Black,Glass,Porto Ceresio,https://drive.google.com/file/d/1Ziez2fhFGpaa0cf3Fvw6rbftpDx3gRIF/view?usp=drive_link,N/A,N/A,N/A
G1_L0,Boxy Floor,Floors,46.52242,6.63058,Gray,Stone,Lausanne,https://drive.google.com/file/d/1ep3PSWM_VYokDLdORxqE3yBCNArJmVPG/view?usp=drive_link,N/A,N/A,N/A
G1_L1,Cobble Spread,Floors,46.5226,6.63454,Gray,Stone,Lausanne,https://drive.google.com/file/d/1IxqRbRbqu8_LSDcpxyCqalSIEL_hXema/view?usp=drive_link,N/A,N/A,N/A
G1_L2,Pebble Floor,Floors,46.52378,6.63534,Gray/Beige/White ,Rocks,Lausanne,https://drive.google.com/file/d/1C9ks61EWZQbG9E_8o4OGwbBC_KoBLdLn/view?usp=drive_link,N/A,N/A,N/A
G1_L3,Rocky Cobble,Floors,46.52232,6.63407,Gray/Beige/Black/White,Stone,Lausanne,https://drive.google.com/file/d/1W54MpQprKbDpWe4gEXO1h8vG3oU0lBzZ/view?usp=drive_link,N/A,N/A,N/A
G1_L4,Lion Historical, Building,46.52024,6.62685,Gray,Stone,Lausanne,https://drive.google.com/file/d/1OHpd61Jgkvr6ryBCOx2L3wgGDbSMvZfx/view?usp=drive_link,N/A,N/A,N/A
G1_L5,Buildings & Bridge,Building,46.52188,6.63354,Pastel colors,Stone,Lausanne,https://drive.google.com/file/d/11GxcwRBdofDBRu1qqHXJz2tVgIA9J3iB/view?usp=drive_link,N/A,N/A,N/A
G1_L6,Angled building,Building,46.52139,6.63029,Light gray,Stone masonry,Lausanne,https://drive.google.com/file/d/1lexBe8ivD867XYrn74GgVuP1sj-0u1NG/view?usp=drive_link,N/A,N/A,N/A
G1_L7,Shops,Building,46.52571,6.6362,Blue & Green ,Stone,Lausanne,https://drive.google.com/file/d/1EZYZ4pydB-cv8jjfIIAcp72WbF-SaLoL/view?usp=drive_link,N/A,N/A,N/A
G1_L8,Lausanne Church,Building,46.52202,6.63565,Gray,Brick,Lausanne,https://drive.google.com/file/d/1V-iKFmCluAQwQ86QsbofaeO-x_JLi_OZ/view?usp=drive_link,N/A,N/A,N/A
G1_L9,Church Door,Building,46.52264,6.63476,Beige,Stone,Lausanne,https://drive.google.com/file/d/10w51RHUf6dvnFX120NVzjcBEta4v3ddY/view?usp=drive_link,N/A,N/A,N/A
G1_L10,Church Interior,Building,46.52245,6.63515,Beige,Limestone,Lausanne,https://drive.google.com/file/d/1N34riWM9wKMI9M61MpFKcw26XR6HQc-m/view?usp=drive_link,N/A,N/A,N/A
G1_L11,Church 2,Building ,46.52209,6.63064,Beige,Sandstone,Lausanne,https://drive.google.com/file/d/1n-P2J0WWxiD7TsINKiX_lBK19U8PX3ZI/view?usp=drive_link,N/A,N/A,N/A
G1_L12,Water fountain 1,Fountain,46.52365,6.63532,Gray,Stone,Lausanne,https://drive.google.com/file/d/1cpVSgr4bW2mpE1PFk1_QHwjHZE3zR6os/view?usp=drive_link,N/A,N/A,N/A
G1_L13,Water fountain 2,Fountain,46.52365,6.63532,Gray,Stone,Lausanne,https://drive.google.com/file/d/1KQzYXI1i3j5MjpKIdURc4DpEjF9V_eIz/view?usp=drive_link,N/A,N/A,N/A
G1_L14,Water fountain 3,Fountain,46.52562,6.63706,Gray,Stone,Lausanne,https://drive.google.com/file/d/1H4GFh6z8wjk8dXmWU-luE7vBPeei6CFn/view?usp=drive_link,N/A,N/A,N/A
G1_L15,Water fountain 4,Fountain,46.52325,6.63516,Gray,Stone,Lausanne,https://drive.google.com/file/d/1Z4R3ozp9pKgO_F809j2f6SMokuyibp6c/view?usp=drive_link,N/A,N/A,N/A
G1_L16,Water fountain 5,Fountain,46.52182,6.63102,Gray,Stone,Lausanne,https://drive.google.com/file/d/1thWwI9CzeTlXtLnlhMjPeEBahqEG8vNr/view?usp=drive_link,N/A,N/A,N/A
G1_L17,Lady Justice Statue,Fountain,46.52168,6.63312,Blue/Yellow/Orange/Green,Sandstone,Lausanne,https://drive.google.com/file/d/1MzJiY4_HeFkAlJOxvG01XAaIEEsUhn2n/view?usp=drive_link,N/A,N/A,N/A
G1_L18,Statue Abs,Statue,46.50844,6.63332,Beige,Stone,Lausanne,https://drive.google.com/file/d/1Hm391NszczrttOB7yiNY3TikMOWoQXXN/view?usp=drive_link,N/A,N/A,N/A
G1_L19,Statue Balcony,Statue,46.52316,6.62438,Gray,Stone,Lausanne,https://drive.google.com/file/d/1nmZcPELONrShO4iv-FdtbckDs53W-pyu/view?usp=drive_link,N/A,N/A,N/A
G1_L20,Metal Statue,Statue,46.51861,6.63134,Gray,Metal,Lausanne,https://drive.google.com/file/d/1XGtERifHXR14Ii5nwdqD0RfA_2fjZae7/view?usp=sharing,N/A,N/A,N/A
G1_L21,Statue Chair,Statue,46.53498,6.63875,Brown,Wood,Lausanne,https://drive.google.com/file/d/1P3_MpS66863jTc0SbPWM2g_DZfQH3IWw/view?usp=drive_link,N/A,N/A,N/A
G1_L22,Statue of Colonel,Statue,46.52473,6.63546,Green ,Bronze,Lausanne,https://drive.google.com/file/d/1mh45rTi4G_br-ku7jf6Ui1w7yNE2cE90/view?usp=drive_link,N/A,N/A,N/A
G1_L23,Statue of sitting man,Statue,46.51993,6.62902,Beige,Marble,Lausanne,https://drive.google.com/file/d/1uVx35Go6wRt_qnHassStpDREusZ0HKVu/view?usp=sharing,N/A,N/A,N/A
G1_L24,Deer Statue,Statue,46.53595,6.63769,Brown,Wood,Lausanne,https://drive.google.com/file/d/1c3G9szdoGdVX6U7mRaDLsb6Sd592wIFd/view?usp=drive_link,N/A,N/A,N/A
G1_L25,Duck statue,Statue,46.51966,6.64223,Brown,Duck,Lausanne,https://drive.google.com/file/d/1nqTA4wEdDo4r_Tb4Nr56dMffrAS4ofj4/view?usp=drive_link,N/A,N/A,N/A
G1_L26,Rock Egg,Statue,46.52378,6.63534,Light Brown,Marble,Lausanne,https://drive.google.com/file/d/1-h0HfAvojwdUPRsegMcmI9Q9kMVDbnwy/view?usp=drive_link,N/A,N/A,N/A
G1_L27,Flame Statue,Statue,46.50831,6.63411,Brown,Metal,Lausanne,https://drive.google.com/file/d/1kQXg0b0FB7F4Fg1Gu4L3OKK8D5I8T4-W/view?usp=drive_link,N/A,N/A,N/A
G1_L28,Person statue,Statue,46.50834,6.6342,Brown,Bronze,Lausanne,https://drive.google.com/file/d/1mAEmIegNT60hoqcmJVahBpXcqEbPTi5B/view?usp=drive_link,N/A,N/A,N/A
G1_L29,Religous statue,Statue,46.52466,6.63573,Green ,Bronze,Lausanne,https://drive.google.com/file/d/1jfob_YW-vRn_Ln_H1nEf-Gwiy8DocYio/view?usp=drive_link,N/A,N/A,N/A
G1_L30,Star,Statue,46.50485,6.6257,Silver,Metal,Lausanne,https://drive.google.com/file/d/1fKbx0pAkHVvetJmDmW5-pCMgQWCdmivG/view?usp=drive_link,N/A,N/A,N/A
G1_L31,Archway 1,Archways,46.52154,6.63087,Light beige,Sandstone/Limestone,Lausanne,https://drive.google.com/file/d/1gG_O-8GW4YWHoiX2Dzlg1adtwBK5FBi0/view?usp=sharing,N/A,N/A,N/A
G1_L32,Archway 2,Archways,46.52168,6.63446,Light beige,Concrete/Stone,Lausanne,https://drive.google.com/file/d/1SRd_5OA0TGwuvi96nXz89TOpe2NMEX-u/view?usp=sharing,N/A,N/A,N/A
G1_L33,Door 1,Doors,46.52263,6.63453,Charcoal/Cream,Carved stone/Heavy Metal,Lausanne,https://drive.google.com/file/d/1Pw0Wp_dQAwyuGKoTqyYEHd_5tM2oreWP/view?usp=sharing,N/A,N/A,N/A
G1_L34,Bridge 1,Archways,46.52582,6.63696,Grey/Beige,Stone blocks,Lausanne,https://drive.google.com/file/d/1IwVziSS_SzjfTiT6XBxYPL4I4bcP2uEU/view?usp=sharing,N/A,N/A,N/A
G1_L35,Archway 3,Archways,46.52331,6.63522,Grey,Concrete/Stone,Lausanne,https://drive.google.com/file/d/1fe98D6zRybTpF7UJnNLvQbaUg974MViO/view?usp=sharing,N/A,N/A,N/A
G1_L36,Bridge 2,Archways,46.52141,6.63579,Beige,Stone masonry,Lausanne,https://drive.google.com/file/d/1lrAK4Q69XAurhojxGMtpx-0st3H_PBdE/view?usp=sharing,N/A,N/A,N/A
G1_L37,Archway 4,Archways,46.52202,6.63274,Grey/Cream,Cobblestone/Stone,Lausanne,https://drive.google.com/file/d/19ynzVXXOT-J5ew9AvA9CTTwSUE_HGrdD/view?usp=sharing,N/A,N/A,N/A
G1_L38,Door 2,Doors,46.52168,6.63458,Wood/Grey,Polished woood,Lausanne,https://drive.google.com/file/d/1ZLuN9aw9rmrBDBkGlt69IZfQgBvToGeZ/view?usp=sharing,N/A,N/A,N/A
G1_L0,Boxy Floor,Floors,46.52242,6.63058,Gray,Stone,Lausanne,https://drive.google.com/file/d/1ep3PSWM_VYokDLdORxqE3yBCNArJmVPG/view?usp=drive_link,N/A,N/A,N/A
G1_L1,Cobble Spread,Floors,46.5226,6.63454,Gray,Stone,Lausanne,https://drive.google.com/file/d/1IxqRbRbqu8_LSDcpxyCqalSIEL_hXema/view?usp=drive_link,N/A,N/A,N/A
G1_L2,Pebble Floor,Floors,46.52378,6.63534,Gray/Beige/White ,Rocks,Lausanne,https://drive.google.com/file/d/1C9ks61EWZQbG9E_8o4OGwbBC_KoBLdLn/view?usp=drive_link,N/A,N/A,N/A
G1_L3,Rocky Cobble,Floors,46.52232,6.63407,Gray/Beige/Black/White,Stone,Lausanne,https://drive.google.com/file/d/1W54MpQprKbDpWe4gEXO1h8vG3oU0lBzZ/view?usp=drive_link,N/A,N/A,N/A
G1_L4,Lion Historical, Building,46.52024,6.62685,Gray,Stone,Lausanne,https://drive.google.com/file/d/1OHpd61Jgkvr6ryBCOx2L3wgGDbSMvZfx/view?usp=drive_link,N/A,N/A,N/A
G1_L5,Buildings & Bridge,Building,46.52188,6.63354,Pastel colors,Stone,Lausanne,https://drive.google.com/file/d/11GxcwRBdofDBRu1qqHXJz2tVgIA9J3iB/view?usp=drive_link,N/A,N/A,N/A
G1_L6,Angled building,Building,46.52139,6.63029,Light gray,Stone masonry,Lausanne,https://drive.google.com/file/d/1lexBe8ivD867XYrn74GgVuP1sj-0u1NG/view?usp=drive_link,N/A,N/A,N/A
G1_L7,Shops,Building,46.52571,6.6362,Blue & Green ,Stone,Lausanne,https://drive.google.com/file/d/1EZYZ4pydB-cv8jjfIIAcp72WbF-SaLoL/view?usp=drive_link,N/A,N/A,N/A
G1_L8,Lausanne Church,Building,46.52202,6.63565,Gray,Brick,Lausanne,https://drive.google.com/file/d/1V-iKFmCluAQwQ86QsbofaeO-x_JLi_OZ/view?usp=drive_link,N/A,N/A,N/A
G1_L9,Church Door,Building,46.52264,6.63476,Beige,Stone,Lausanne,https://drive.google.com/file/d/10w51RHUf6dvnFX120NVzjcBEta4v3ddY/view?usp=drive_link,N/A,N/A,N/A
G1_L10,Church Interior,Building,46.52245,6.63515,Beige,Limestone,Lausanne,https://drive.google.com/file/d/1N34riWM9wKMI9M61MpFKcw26XR6HQc-m/view?usp=drive_link,N/A,N/A,N/A
G1_L11,Church 2,Building ,46.52209,6.63064,Beige,Sandstone,Lausanne,https://drive.google.com/file/d/1n-P2J0WWxiD7TsINKiX_lBK19U8PX3ZI/view?usp=drive_link,N/A,N/A,N/A
G1_L12,Water fountain 1,Fountain,46.52365,6.63532,Gray,Stone,Lausanne,https://drive.google.com/file/d/1cpVSgr4bW2mpE1PFk1_QHwjHZE3zR6os/view?usp=drive_link,N/A,N/A,N/A
G1_L13,Water fountain 2,Fountain,46.52365,6.63532,Gray,Stone,Lausanne,https://drive.google.com/file/d/1KQzYXI1i3j5MjpKIdURc4DpEjF9V_eIz/view?usp=drive_link,N/A,N/A,N/A
G1_L14,Water fountain 3,Fountain,46.52562,6.63706,Gray,Stone,Lausanne,https://drive.google.com/file/d/1H4GFh6z8wjk8dXmWU-luE7vBPeei6CFn/view?usp=drive_link,N/A,N/A,N/A
G1_L15,Water fountain 4,Fountain,46.52325,6.63516,Gray,Stone,Lausanne,https://drive.google.com/file/d/1Z4R3ozp9pKgO_F809j2f6SMokuyibp6c/view?usp=drive_link,N/A,N/A,N/A
G1_L16,Water fountain 5,Fountain,46.52182,6.63102,Gray,Stone,Lausanne,https://drive.google.com/file/d/1thWwI9CzeTlXtLnlhMjPeEBahqEG8vNr/view?usp=drive_link,N/A,N/A,N/A
G1_L17,Lady Justice Statue,Fountain,46.52168,6.63312,Blue/Yellow/Orange/Green,Sandstone,Lausanne,https://drive.google.com/file/d/1MzJiY4_HeFkAlJOxvG01XAaIEEsUhn2n/view?usp=drive_link,N/A,N/A,N/A
G1_L18,Statue Abs,Statue,46.50844,6.63332,Beige,Stone,Lausanne,https://drive.google.com/file/d/1Hm391NszczrttOB7yiNY3TikMOWoQXXN/view?usp=drive_link,N/A,N/A,N/A
G1_L19,Statue Balcony,Statue,46.52316,6.62438,Gray,Stone,Lausanne,https://drive.google.com/file/d/1nmZcPELONrShO4iv-FdtbckDs53W-pyu/view?usp=drive_link,N/A,N/A,N/A
G1_L20,Metal Statue,Statue,46.51861,6.63134,Gray,Metal,Lausanne,https://drive.google.com/file/d/1XGtERifHXR14Ii5nwdqD0RfA_2fjZae7/view?usp=sharing,N/A,N/A,N/A
G1_L21,Statue Chair,Statue,46.53498,6.63875,Brown,Wood,Lausanne,https://drive.google.com/file/d/1P3_MpS66863jTc0SbPWM2g_DZfQH3IWw/view?usp=drive_link,N/A,N/A,N/A
G1_L22,Statue of Colonel,Statue,46.52473,6.63546,Green ,Bronze,Lausanne,https://drive.google.com/file/d/1mh45rTi4G_br-ku7jf6Ui1w7yNE2cE90/view?usp=drive_link,N/A,N/A,N/A
G1_L23,Statue of sitting man,Statue,46.51993,6.62902,Beige,Marble,Lausanne,https://drive.google.com/file/d/1uVx35Go6wRt_qnHassStpDREusZ0HKVu/view?usp=sharing,N/A,N/A,N/A
G1_L24,Deer Statue,Statue,46.53595,6.63769,Brown,Wood,Lausanne,https://drive.google.com/file/d/1c3G9szdoGdVX6U7mRaDLsb6Sd592wIFd/view?usp=drive_link,N/A,N/A,N/A
G1_L25,Duck statue,Statue,46.51966,6.64223,Brown,Duck,Lausanne,https://drive.google.com/file/d/1nqTA4wEdDo4r_Tb4Nr56dMffrAS4ofj4/view?usp=drive_link,N/A,N/A,N/A
G1_L26,Rock Egg,Statue,46.52378,6.63534,Light Brown,Marble,Lausanne,https://drive.google.com/file/d/1-h0HfAvojwdUPRsegMcmI9Q9kMVDbnwy/view?usp=drive_link,N/A,N/A,N/A
G1_L27,Flame Statue,Statue,46.50831,6.63411,Brown,Metal,Lausanne,https://drive.google.com/file/d/1kQXg0b0FB7F4Fg1Gu4L3OKK8D5I8T4-W/view?usp=drive_link,N/A,N/A,N/A
G1_L28,Person statue,Statue,46.50834,6.6342,Brown,Bronze,Lausanne,https://drive.google.com/file/d/1mAEmIegNT60hoqcmJVahBpXcqEbPTi5B/view?usp=drive_link,N/A,N/A,N/A
G1_L29,Religous statue,Statue,46.52466,6.63573,Green ,Bronze,Lausanne,https://drive.google.com/file/d/1jfob_YW-vRn_Ln_H1nEf-Gwiy8DocYio/view?usp=drive_link,N/A,N/A,N/A
G1_L30,Star,Statue,46.50485,6.6257,Silver,Metal,Lausanne,https://drive.google.com/file/d/1fKbx0pAkHVvetJmDmW5-pCMgQWCdmivG/view?usp=drive_link,N/A,N/A,N/A
G1_L31,Archway 1,Archways,46.52154,6.63087,Light beige,Sandstone/Limestone,Lausanne,https://drive.google.com/file/d/1gG_O-8GW4YWHoiX2Dzlg1adtwBK5FBi0/view?usp=sharing,N/A,N/A,N/A
G1_L32,Archway 2,Archways,46.52168,6.63446,Light beige,Concrete/Stone,Lausanne,https://drive.google.com/file/d/1SRd_5OA0TGwuvi96nXz89TOpe2NMEX-u/view?usp=sharing,N/A,N/A,N/A
G1_L33,Door 1,Doors,46.52263,6.63453,Charcoal/Cream,Carved stone/Heavy Metal,Lausanne,https://drive.google.com/file/d/1Pw0Wp_dQAwyuGKoTqyYEHd_5tM2oreWP/view?usp=sharing,N/A,N/A,N/A
G1_L34,Bridge 1,Archways,46.52582,6.63696,Grey/Beige,Stone blocks,Lausanne,https://drive.google.com/file/d/1IwVziSS_SzjfTiT6XBxYPL4I4bcP2uEU/view?usp=sharing,N/A,N/A,N/A
G1_L35,Archway 3,Archways,46.52331,6.63522,Grey,Concrete/Stone,Lausanne,https://drive.google.com/file/d/1fe98D6zRybTpF7UJnNLvQbaUg974MViO/view?usp=sharing,N/A,N/A,N/A
G1_L36,Bridge 2,Archways,46.52141,6.63579,Beige,Stone masonry,Lausanne,https://drive.google.com/file/d/1lrAK4Q69XAurhojxGMtpx-0st3H_PBdE/view?usp=sharing,N/A,N/A,N/A
G1_L37,Archway 4,Archways,46.52202,6.63274,Grey/Cream,Cobblestone/Stone,Lausanne,https://drive.google.com/file/d/19ynzVXXOT-J5ew9AvA9CTTwSUE_HGrdD/view?usp=sharing,N/A,N/A,N/A
G1_L38,Door 2,Doors,46.52168,6.63458,Wood/Grey,Polished woood,Lausanne,https://drive.google.com/file/d/1ZLuN9aw9rmrBDBkGlt69IZfQgBvToGeZ/view?usp=sharing,N/A,N/A,N/A
G2_R0,Church 1,Church,45.903413,8.971177,N/A,N/A,Riva San Vitale,https://drive.google.com/file/d/1bq-Ij74kuEvE3TqYwtW4OT2Pgd2m9dol/view?usp=sharing,N/A,N/A,N/A
G2_R1,Church 2,Church,45.904582,8.970751,N/A,N/A,Riva San Vitale,https://drive.google.com/file/d/1bog7fpwTxFa2z72aCY-hk_s_3p8HM4R3/view?usp=sharing,N/A,N/A,N/A
G2_R2,Church 3,Church,45.906739,8.969732,N/A,N/A,Riva San Vitale,https://drive.google.com/file/d/1MPj_BkiVap7nr0gvkUa4XI8Y2QWDah4i/view?usp=drive_link,N/A,N/A,N/A
G2_R3,Bell Tower 1,Bell Tower,45.903413,8.971177,N/A,N/A,Riva San Vitale,https://drive.google.com/file/d/1bq-Ij74kuEvE3TqYwtW4OT2Pgd2m9dol/view?usp=sharing,N/A,N/A,N/A
G2_R4,Bell Tower 2,Bell Tower,45.904582,8.970751,N/A,N/A,Riva San Vitale,https://drive.google.com/file/d/1bog7fpwTxFa2z72aCY-hk_s_3p8HM4R3/view?usp=sharing,N/A,N/A,N/A
G2_R5,Bell Tower 3,Bell Tower,45.906739,8.969732,N/A,N/A,Riva San Vitale,https://drive.google.com/file/d/1MPj_BkiVap7nr0gvkUa4XI8Y2QWDah4i/view?usp=drive_link,N/A,N/A,N/A
G2_R6,School (Kindgergarten),School,45.903435,8.971485,N/A,N/A,Riva San Vitale,https://drive.google.com/file/d/1USexKZUvBPoIua1jbaSRAzBOdtK4378S/view?usp=sharing,N/A,N/A,N/A
G2_R7,School (Elementary),School,45.90255,8.971731,N/A,N/A,Riva San Vitale,https://drive.google.com/file/d/1VC5IEuztL0rRnu0K7O-WC1WLYAFfyEki/view?usp=sharing,N/A,N/A,N/A
G2_R8,School (Rainbow),School,45.902911,8.974103,N/A,N/A,Riva San Vitale,https://drive.google.com/file/d/1iAFMeMSvtHLG3Z-LUyCqsls1O29_Ciye/view?usp=sharing,N/A,N/A,N/A
G2_R9,Ballet Dance Studio,Art Studio,45.904062,8.970422,N/A,N/A,Riva San Vitale,https://drive.google.com/file/d/15TAI3mJGusmOXYb11APLOl4-Y1oqFDti/view?usp=sharing,N/A,N/A,N/A
G2_R10,Music Studio,Art Studio,45.90345,8.970978,N/A,N/A,Riva San Vitale,https://drive.google.com/file/d/12AP_1gbmBNLWacc45HtJeTHXBy7B3nkx/view?usp=sharing,N/A,N/A,N/A
G2_R11,Pottery Studio 1,Art Studio,45.904954,8.971062,N/A,N/A,Riva San Vitale,https://drive.google.com/file/d/1jahDRQM1u12hLotFlTLhiuH07wc4NwQ7/view?usp=sharing,N/A,N/A,N/A
G2_R12,Pottery Studio 2,Art Studio,45.905044,8.971161,N/A,N/A,Riva San Vitale,https://drive.google.com/file/d/14MmnjtbPsvFrj6pnyJX1ZoifFeQ28FLq/view?usp=sharing,N/A,N/A,N/A
G2_R13,Baptistry of Church 2,Cultural,45.904582,8.970751,N/A,N/A,Riva San Vitale,https://drive.google.com/file/d/1wlwrBgUssJcUbJaGbAEch7ir4Oy-BMA8/view?usp=sharing,N/A,N/A,N/A
G2_R14,Water Fountain,Cultural,45.905776,8.971118,N/A,N/A,Riva San Vitale,https://drive.google.com/file/d/1KnlIZHzCaJrakRJ7WtO3PeP6F_H7ABFx/view?usp=drive_link,N/A,N/A,N/A
G2_R15,Flags outside rainbow school,Cultural,45.902151,8.973594,N/A,N/A,Riva San Vitale,https://drive.google.com/file/d/1cRXq-HILBBIc1jSbTliWHlyFNSHQwgWC/view?usp=sharing,N/A,N/A,N/A
G2_R16,Cemetery,Cultural,45.898996,8.970111,N/A,N/A,Riva San Vitale,https://drive.google.com/file/d/1khwM-93OIUm1_gn1IJ_RTPhYtLTQXtgH/view?usp=sharing,N/A,N/A,N/A
G2_R17,Shrine,Cultural,45.901342,8.971996,N/A,N/A,Riva San Vitale,https://drive.google.com/file/d/1wtDdkFWOmx7-PV6quldDVJ2olHIbjOzG/view?usp=drive_link,N/A,N/A,N/A
G2_R18,Pig cop statues,House Decoration,45.902264,8.973181,N/A,N/A,Riva San Vitale,https://drive.google.com/file/d/1AS7AEj8o0CyNTZqTD2yDkMlXrbJZa-kH/view?usp=sharing,N/A,N/A,N/A
G2_R19,fake grass + tree,House Decoration,45.901933,8.974542,N/A,N/A,Riva San Vitale,https://drive.google.com/file/d/1qRXgOaWi3tkykMBlvQN5DmfF9m-0Nc8L/view?usp=sharing,N/A,N/A,N/A
G2_R20,Ornaments on tree + snowman,House Decoration,45.900586,8.97469,N/A,N/A,Riva San Vitale,https://drive.google.com/file/d/1NybVl104eCj14jZi1eylgXmjHGhwoP91/view?usp=drive_link,N/A,N/A,N/A
G2_R21,Lady bug rock + bird house,House Decoration,45.902092,8.97239,N/A,N/A,Riva San Vitale,https://drive.google.com/file/d/17aDhTDzhFusdRHjZIlq7AmKhERWNVHo4/view?usp=drive_link,N/A,N/A,N/A
G2_R22,Pots + Bells outside,House Decoration,45.902227,8.972957,N/A,N/A,Riva San Vitale,https://drive.google.com/file/d/1qhLO7lQBjgRYl18QfhN7VFGDrKc5-jC9/view?usp=drive_link,N/A,N/A,N/A
G2_R23,Doormat + bunny on door ,House Decoration,45.902215,8.972723,N/A,N/A,Riva San Vitale,https://drive.google.com/file/d/1CQlcew4xiTsRv6QEYK03hUmirpHneYD6/view?usp=drive_link,N/A,N/A,N/A
G2_R24,House painting,House Decoration,45.901975,8.970857,N/A,N/A,Riva San Vitale,https://drive.google.com/file/d/1YofMeDth2nlp0dsQ3irTf-IDIQN1oW1v/view?usp=drive_link,N/A,N/A,N/A
G2_R25,Candy canes outside house,House Decoration,45.903456,8.970417,N/A,N/A,Riva San Vitale,https://drive.google.com/file/d/1It_ezkN8t_8I_hu3g_1euvAqxRpaH1O6/view?usp=drive_link,N/A,N/A,N/A
G2_R26,Mushroom statue,House Decoration,45.902181,8.970717,N/A,N/A,Riva San Vitale,https://drive.google.com/file/d/1OFQi_Upzb2LN0unpvzKG0XYrK5lO2h7_/view?usp=drive_link,N/A,N/A,N/A
G2_R27,Stained blue gold glass outside door,House Decoration,45.904783,8.970881,N/A,N/A,Riva San Vitale,https://drive.google.com/file/d/1BMTv6isFRGYoAWtSu3VvQy7W0bfagbjf/view?usp=sharing,N/A,N/A,N/A
G2_R28,Decoration outside of the gelato place,House Decoration,45.905332,8.971091,N/A,N/A,Riva San Vitale,https://drive.google.com/file/d/1mSxUhDlxOhWDgWr76B0wMDSpxJNpLGcp/view?usp=drive_link,N/A,N/A,N/A
G2_R29,Door with lots of hanging stuff and on windows,House Decoration,NAN,NAN,N/A,N/A,Riva San Vitale,https://drive.google.com/file/d/12EC3P4-d35TYJ4MdWgmJZqA_hhp1uHc6/view?usp=drive_link,N/A,N/A,N/A
G2_R30,Sun door ornament,House Decoration,45.901704,8.970762,N/A,N/A,Riva San Vitale,https://drive.google.com/file/d/1bwVoR9_YWAuvbDsgshw57fLNdUPhzHmu/view?usp=sharing,N/A,N/A,N/A
G2_R31,Owl door ornament,House Decoration,45.901999,8.971899,N/A,N/A,Riva San Vitale,https://drive.google.com/file/d/1D8p7ZsCu33MsYVfuRm_zE_nTksBmal_u/view?usp=sharing,N/A,N/A,N/A
G2_PC0,Community Center,Cultural,45.904344,8.906015,N/A,N/A,Porto Ceresio,https://drive.google.com/file/d/1LRPDo7McKzj_MPueiFtw0hd9gOFsInMe/view?usp=drive_link,N/A,N/A,N/A
G2_PC1,Painting of a lady with the record player ,Art,45.903874,8.906192,N/A,N/A,Porto Ceresio,https://drive.google.com/file/d/1HJ6ICh8Cwmy1lCh6sKYVxgM3YIdtSpWG/view?usp=drive_link,N/A,N/A,N/A
G2_PC2,Jesus Mural ,Cultural,45.903915,8.906409,N/A,N/A,Porto Ceresio,https://drive.google.com/file/d/1lA_4cf1mkfpplxL_73a9V7cxwklWkTgM/view?usp=drive_link,N/A,N/A,N/A
G2_PC3,Graffiti (How Jaz),Art,45.903813,8.90631,N/A,N/A,Porto Ceresio,https://drive.google.com/file/d/1-idbPH_Pes0ytiXGtmkhSwkyzb5zck0H/view?usp=drive_link,N/A,N/A,N/A
G2_PC4,City Center,Cultural,45.903167,8.905809,N/A,N/A,Porto Ceresio,https://drive.google.com/file/d/1jjLdl5x79Osd04Y3kzZ-W7zhZIfvId54/view?usp=drive_link,N/A,N/A,N/A
G2_PC5,Christmas stocking,House Decoration,45.902995,8.905376,N/A,N/A,Porto Ceresio,https://drive.google.com/file/d/1VeSdttiib_vsUwrewOgdDAOkXuUAohQo/view?usp=drive_link,N/A,N/A,N/A
G2_PC6,Ave Maria shrine,Cultural,45.902729,8.904864,N/A,N/A,Porto Ceresio,https://drive.google.com/file/d/1NYo-JcYkeXYv9-YTqa4t-bY1cfV44Bgg/view?usp=drive_link,N/A,N/A,N/A
G2_PC7,Ambrosio Church (w bell),Church,45.90256,8.904584,N/A,N/A,Porto Ceresio,https://drive.google.com/file/d/1yoEDdty1rsldJDE_8kcmaOLn1tQVGGaa/view?usp=drive_link,N/A,N/A,N/A
G2_PC8,Summer Camp Paintings,Art ,45.902427,8.90428,N/A,N/A,Porto Ceresio,https://drive.google.com/file/d/1Xw8xT-84XqmI-PvdBQ25zQ34PEk1VfA8/view?usp=drive_link,N/A,N/A,N/A
G2_PC9,Crossing Sign,Art ,45.902747,8.904269,N/A,N/A,Porto Ceresio,https://drive.google.com/file/d/1ZkgEdxk5s04nfa2j9Q6mtAYhSXx-9J8K/view?usp=drive_link,N/A,N/A,N/A
G2_PC10,Bus Sign (Caterpillar),Art ,45.902977,8.904333,N/A,N/A,Porto Ceresio,https://drive.google.com/file/d/1Vhk96dE6xND_nqSzCX7XUvO3MSu0OGYn/view?usp=drive_link,N/A,N/A,N/A
G2_PC11,Horse Statue by door,House Decoration,45.902832,8.90327,N/A,N/A,Porto Ceresio,https://drive.google.com/file/d/1oK6DaRUNQcvExRjH2P1Ji3sSHC9KXfyU/view?usp=drive_link,N/A,N/A,N/A
G2_PC12,Stop Sign Drawing,Art ,45.902699,8.903156,N/A,N/A,Porto Ceresio,https://drive.google.com/file/d/1qhFkh5Ee65SNK_ruZdwS0arSfyjRB2LW/view?usp=drive_link,N/A,N/A,N/A
G2_PC13,Library,Cultural,45.902848,8.903015,N/A,N/A,Porto Ceresio,https://drive.google.com/file/d/1huuzrbny3u79dTp2wZ6fh2lww6Vje8h-/view?usp=drive_link,N/A,N/A,N/A
G2_PC14,Musuem,Cultural,45.902507,8.903255,N/A,N/A,Porto Ceresio,https://drive.google.com/file/d/1VSaWfzL2eMifYzNetWSlxjQR1BvRM912/view?usp=drive_link,N/A,N/A,N/A
G2_PC15,rock family (outside door),House Decoration,45.902215,8.902459,N/A,N/A,Porto Ceresio,https://drive.google.com/file/d/1owDnZAlC1sTF-E1DaBWSbARRiyWLPqZL/view?usp=drive_link,N/A,N/A,N/A
G2_PC17,Sun & Moon (outside door),House Decoration,45.901245,8.901662,N/A,N/A,Porto Ceresio,https://drive.google.com/file/d/1ljYyoovkYtlh9D4QhREQZz3CY5k5DHXO/view?usp=drive_link,N/A,N/A,N/A
G2_PC18,Kindergarten,Cultural,45.901119,8.902405,N/A,N/A,Porto Ceresio,https://drive.google.com/file/d/1o6lKhfJx5ipxmTq1e2ogUeQI7lvuiboe/view?usp=drive_link,N/A,N/A,N/A
G2_PC19,minion street sign,Art Studio,45.901316,8.901254,N/A,N/A,Porto Ceresio,https://drive.google.com/file/d/1ywNUKNYAK1_0_WMpgBpA9sObl4yoCr6i/view?usp=drive_link,N/A,N/A,N/A
G2_PC20,owl street sign,Art Studio,45.900176,8.900431,N/A,N/A,Porto Ceresio,https://drive.google.com/file/d/1PgWqvkIb2VV3wV7U7X_urq72xgQrelGV/view?usp=drive_link,N/A,N/A,N/A
G2_PC21,Crossing Sign (near school),Art Studio,45.900258,8.89925,N/A,N/A,Porto Ceresio,https://drive.google.com/file/d/1OLCMlA9yS1c0gdKuScPbZAPDy3Hnd2mG/view?usp=drive_link,N/A,N/A,N/A
G2_PC22,Gym,Cultural,45.900837,8.899338,N/A,N/A,Porto Ceresio,https://drive.google.com/file/d/1Flx_ZhZrWXUD3BThanvM-PSYWihAi-ub/view?usp=drive_link,N/A,N/A,N/A
G2_PC23,Elemantry school,Cultural,45.900553,8.89882,N/A,N/A,Porto Ceresio,https://drive.google.com/file/d/1ZAkkrqm97K8s2DEguSissuoAcL6TfvX2/view?usp=drive_link,N/A,N/A,N/A
G2_PC24,Bird Painting,Art Studio,45.899948,8.898485,N/A,N/A,Porto Ceresio,https://drive.google.com/file/d/1N5Qp9F--uRL1-b07jxm5idbjnhU9taIS/view?usp=drive_link,N/A,N/A,N/A
G2_PC25,Flying house painting,Art Studio,45.899948,8.898485,N/A,N/A,Porto Ceresio,https://drive.google.com/file/d/1vlNKJPXrngzMd1kR4tpVymRq9eHgKiw-/view?usp=drive_link,N/A,N/A,N/A
G2_PC26,Shooting start mosaic,House Decoration,45.900196,8.897896,N/A,N/A,Porto Ceresio,https://drive.google.com/file/d/1-Ed7wwtggKUIzl7hXeA4yrAlX_yXcZww/view?usp=drive_link,N/A,N/A,N/A
G2_PC27,Stop Sign + Jesus,Art,45.899962,8.897687,N/A,N/A,Porto Ceresio,https://drive.google.com/file/d/1BassMQS-t7ZElsRbhH40C3gTfSBHjWP6/view?usp=drive_link,N/A,N/A,N/A
G2_PC28,Gru,Art,45.900333,8.897476,N/A,N/A,Porto Ceresio,https://drive.google.com/file/d/1xy4Fq3Z8d4NZlT3sS4C2cezC6BwrD6Rd/view?usp=drive_link,N/A,N/A,N/A
G2_PC29,Butterflies (outside door),House Decoration,45.901238,8.896577,N/A,N/A,Porto Ceresio,https://drive.google.com/file/d/1v1gQONKDD6gAB2fesvP9QAyNXehKuXhD/view?usp=drive_link,N/A,N/A,N/A
G2_PC30,"Birds, flowers, snail pot (outside door)",House Decoration,45.901965,8.897222,N/A,N/A,Porto Ceresio,https://drive.google.com/file/d/1ZZP-elZtSBr1IYLqqwQtNVR5KstM7iVW/view?usp=drive_link,N/A,N/A,N/A
G2_PC31,Reindeer on Roof,House Decoration,45.90444,8.898186,N/A,N/A,Porto Ceresio,https://drive.google.com/file/d/14jON43cYyP_Ovel_AJfpxx3sCTaEuTpT/view?usp=drive_link,N/A,N/A,N/A
G2_PC32,Dog decor (outside door),House Decoration,45.90447,8.898035,N/A,N/A,Porto Ceresio,https://drive.google.com/file/d/1ZZP-elZtSBr1IYLqqwQtNVR5KstM7iVW/view?usp=drive_link,N/A,N/A,N/A
G2_PC33,Community Board,Cultural,45.903011,8.904484,N/A,N/A,Porto Ceresio,https://drive.google.com/file/d/1yQOu1WCPXKKrFjtmpLZ4VpiOX1CqL5JA/view?usp=drive_link,N/A,N/A,N/A
G2_L0,Cat Poster,Art,46.521625,6.630774,N/A,N/A,Lausanne,https://drive.google.com/file/d/1lixwXQG22x0Scn1AXTBytwZcRHTmVT2d/view?usp=drive_link,N/A,N/A,N/A
G2_L1,Live Music Posters,Cultural,46.521691,6.630783,N/A,N/A,Lausanne,https://drive.google.com/file/d/1P8S5b3LbAajCoIB4ShHeG6wAgHrqJ0Ma/view?usp=drive_link,N/A,N/A,N/A
G2_L2,Lion Paper Art,Art,46.522837,6.630155,N/A,N/A,Lausanne,https://drive.google.com/file/d/1hdXpBGjgELfMhrPg61zbWUdrPCi7qneS/view?usp=drive_link,N/A,N/A,N/A
G2_L3,Vinyl Record Poster ,Art,46.523354,6.629755,N/A,N/A,Lausanne,https://drive.google.com/file/d/1r3wT4OJhA4eFNmv1AtKD3K4fjNQc5NU2/view?usp=drive_link,N/A,N/A,N/A
G2_L4,Easter Chick,Cultural,46.522676,6.630336,N/A,N/A,Lausanne,https://drive.google.com/file/d/1A6DsyGBn7ULg_Ydwk92Zzo3J0MaWiDfn/view?usp=drive_link,N/A,N/A,N/A
G2_L5,Church 1,Cultural,46.522269,6.630867,N/A,N/A,Lausanne,https://drive.google.com/file/d/1i-asJ-6CxWipAvd08yOk2JHPoCOb24aw/view?usp=drive_link,N/A,N/A,N/A
G2_L6,Grafitti 1,Art,46.522498,6.630678,N/A,N/A,Lausanne,https://drive.google.com/file/d/174-r_kDs5x-nivl_eVpHCZaCkeL8hkjn/view?usp=drive_link,N/A,N/A,N/A
G2_L7,Wall Art,Art,46.522658,6.630707,N/A,N/A,Lausanne,https://drive.google.com/file/d/1BLtOoRdeiJpL2K3tWFHA0UZ8P-vF1SPX/view?usp=drive_link,N/A,N/A,N/A
G2_L8,Grafitti 2,Art,46.522796,6.630775,N/A,N/A,Lausanne,https://drive.google.com/file/d/1ESY-EEF2-IojPx7lEgHwiiI0sMMdMF4w/view?usp=drive_link,N/A,N/A,N/A
G2_L9,Grafitti 3,Art,46.523108,6.631265,N/A,N/A,Lausanne,https://drive.google.com/file/d/1zv7aCncpMQzQTbxVaCNBFKDU97K2hUxL/view?usp=drive_link,N/A,N/A,N/A
G2_L10,Church 2,Cultural,46.523702,6.630935,N/A,N/A,Lausanne,https://drive.google.com/file/d/1eVguaF9aD2QZNIOrwS5Q0m50_BJ9qY0r/view?usp=drive_link,N/A,N/A,N/A
G2_L11,City Center,Cultural,46.523677,6.633628,N/A,N/A,Lausanne,https://drive.google.com/file/d/1SAF3BMMOlu40M2vPX73v-K6XVcem-zW5/view?usp=drive_link,N/A,N/A,N/A
G2_L12,Lausanne By the Sea Art,Art,46.522931,6.632048,N/A,N/A,Lausanne,https://drive.google.com/file/d/1QilDmwfUWGhvdh3Z39x1igWVRedUdYm4/view?usp=drive_link,N/A,N/A,N/A
G2_L13,Church 3,Cultural,46.523881,6.631994,N/A,N/A,Lausanne,https://drive.google.com/file/d/1OWJh5DjNjlV55YLLeuWm5JApba-Ieb5P/view?usp=drive_link,N/A,N/A,N/A
G2_L14,Oldest Museum,Cultural,46.522709,6.632098,N/A,N/A,Lausanne,https://drive.google.com/file/d/19nyBurXEGgfOSe67oEKHiM09JMSfNMO5/view?usp=drive_link,N/A,N/A,N/A
G2_L15,Grafitti 4,Art,46.522784,6.631471,N/A,N/A,Lausanne,https://drive.google.com/file/d/1GhxTolUenGeswEJd3eWRCDOlOMDoh1-3/view?usp=drive_link,N/A,N/A,N/A
G2_L16,Pottery ,Art,46.5227,6.633061,N/A,N/A,Lausanne,https://drive.google.com/file/d/1DID59L-W_GHsLjYHg0pQ3CEp4p0hhpB7/view?usp=drive_link,N/A,N/A,N/A
G2_L17,Heart Grafitti,Art,46.52227,6.633104,N/A,N/A,Lausanne,https://drive.google.com/file/d/1ch4jdRoeVKUgtAEZ_uGjoqpI4CA6Z0xz/view?usp=drive_link,N/A,N/A,N/A
G2_L18,City Center 2,Cultural,46.52172,6.632825,N/A,N/A,Lausanne,https://drive.google.com/file/d/1ndeMqmefbnEmzm5rvR-lJyXiE0u_MEyr/view?usp=drive_link,N/A,N/A,N/A
G2_L19,Mini Clock Tower Show,Cultural,46.52156,6.633408,N/A,N/A,Lausanne,https://drive.google.com/file/d/1RXMXoBIMyRI4GxKRmAHx3HaXO7BBQnf2/view?usp=drive_link,N/A,N/A,N/A
G2_L20,Water Fountain + Statue,Cultural,46.52177,6.63327,N/A,N/A,Lausanne,https://drive.google.com/file/d/1P3t6gXhnPEFVRYivVHDInU4cGEvX11si/view?usp=drive_link,N/A,N/A,N/A
G2_L21,LeBourg Flag,Cultural,46.520777,6.633681,N/A,N/A,Lausanne,https://drive.google.com/file/d/1X3rXDmIrJEKXbS9pHra7Yh-d6rhED0oH/view?usp=drive_link,N/A,N/A,N/A
G2_L22,Fish symbol on drain,Art,46.520977,6.633416,N/A,N/A,Lausanne,https://drive.google.com/file/d/10UXChskqC7_xZw3TbDFBYpmA_Ru2O6qT/view?usp=drive_link,N/A,N/A,N/A
G2_L23,Eye grafitti,Art,46.520749,6.633055,N/A,N/A,Lausanne,https://drive.google.com/file/d/1lGCSBtb4NxXjrDDxN__lIqCJCfwyiZHK/view?usp=drive_link,N/A,N/A,N/A
G2_L24,Fairytale Grafitti,Art,46.52151,6.632613,N/A,N/A,Lausanne,https://drive.google.com/file/d/1EpKi3u8zgpLoNrpoucN4CdfiPjsM9mnI/view?usp=drive_link,N/A,N/A,N/A
G2_L25,Hello Kitty Grafitti,Art,46.521331,6.632555,N/A,N/A,Lausanne,https://drive.google.com/file/d/10DXawXwZnFPJ4x-stuIUt20Gm0oo5qOl/view?usp=drive_link,N/A,N/A,N/A
G2_L26,Manga Art,Art,46.521432,6.6327,N/A,N/A,Lausanne,https://drive.google.com/file/d/1h9HCMK3HohiKaGSAe-fILxemqZGZKbtv/view?usp=drive_link,N/A,N/A,N/A
G2_L27,Education First Center,Cultural,46.521059,6.63379,N/A,N/A,Lausanne,https://drive.google.com/file/d/12tZXIOMMwyDyS86abfO5nyzOVuWgP1MX/view?usp=drive_link,N/A,N/A,N/A
G2_L28,Live Music,Cultural,46.521404,6.633321,N/A,N/A,Lausanne,https://drive.google.com/file/d/1BT6ZMNek0pYQ8yaNAnvuXbLWt1KZBWmT/view?usp=drive_link,N/A,N/A,N/A
G2_L29,Decorated Fire Hydrant,Art,46.522258,6.633889,N/A,N/A,Lausanne,https://drive.google.com/file/d/1JETk_-T5FZ_sW7w5I_XfKB3gMaz7dRfi/view?usp=drive_link,N/A,N/A,N/A
G2_L30,Grafitti 5,Art,46.522287,6.633912,N/A,N/A,Lausanne,https://drive.google.com/file/d/1u3NPTAUvfpyL0SQhPI613Hb3D7t5z9mG/view?usp=drive_link,N/A,N/A,N/A
G2_L31,Spider Grafitti,Art,46.522495,6.634316,N/A,N/A,Lausanne,https://drive.google.com/file/d/1lNtB_lkVdycWO3_0pnkByZiTnxKpKcaQ/view?usp=drive_link,N/A,N/A,N/A
G2_L32,Big Cathedral,Cultural,46.522623,6.63523,N/A,N/A,Lausanne,https://drive.google.com/file/d/1ldmdM9o-PouqACrweG3VcXD7Qv5K4WBs/view?usp=drive_link,N/A,N/A,N/A
G2_L33,Grafitti 6,Art,46.522513,6.634421,N/A,N/A,Lausanne,https://drive.google.com/file/d/1Avei0PMm-QHRrcSkOijUdHXrtwEUL2SC/view?usp=drive_link,N/A,N/A,N/A
G2_L34,Stained Glass in Cathedral,Cultural,46.522623,6.63523,N/A,N/A,Lausanne,https://drive.google.com/file/d/1OhtNHMYrI8fE1h64whrgj4GKcxOO2Txa/view?usp=drive_link,N/A,N/A,N/A
G3_R0,Pizzeria next to Villa,Restaurant,45.904556666666664,8.970426666666667,N/A,N/A,Riva,https://drive.google.com/file/d/1Qih6wP7vEBRdO79yU1TSFagHw3MaXp9c/view?usp=sharing,Closed,0,N/A
G3_R1,Osteria Degli Amici,Restaurant,45.90535111111111,8.970745277777779,N/A,N/A,Riva,https://drive.google.com/file/d/155kPTBKpz8Yoq8twpChENXeC0uBw8dZn/view?usp=sharing,Open,3,N/A
G3_R2,San Giorgio Coppe e Gelati,Restaurant,45.905229444444444,8.971196111,N/A,N/A,Riva,https://drive.google.com/file/d/16IXkMpaFdIiCo-SKoQDA98f1JYnDblSr/view?usp=sharing,Open,1,N/A
G3_R3,La Barberia old school haircut and shave,Personal Care and Health,45.90528194444444,8.971321111111111,N/A,N/A,Riva,https://drive.google.com/file/d/10enqxANVoh9g4X29VYs-HpCz_um0vvGk/view?usp=sharing,Open,2,N/A
G3_R4,Max Haug,Personal Care and Health,45.90552861111111,8.971240833333333,N/A,N/A,Riva,https://drive.google.com/file/d/1p0MbFAftWCxlPpWL9iAo8mGB9V86y5N5/view?usp=sharing,Closed,0,N/A
G3_R5,l'alter ego,Personal Care and Health,45.905562777777774,8.971258333333333,N/A,N/A,Riva,https://drive.google.com/file/d/16Ftn5B2DNsOUUIepaDODwrxi9YZiu1TG/view?usp=sharing,Closed,0,N/A
G3_R6,Endless beauty,Personal Care and Health,45.905835833333335,8.971398055555555,N/A,N/A,Riva,https://drive.google.com/file/d/1_mXxvMfZCuQcYO2kip2a9PVzJFQJD300/view?usp=sharing,Closed,0,N/A
G3_R7,Il Negozietto Di Maria,Retail & Clothing,45.90612333333333,8.9704325,N/A,N/A,Riva,https://drive.google.com/file/d/1Mi-AAnE-3hfm7sTpjPOGAdfz1JwJRDwq/view?usp=sharing,Closed,0,N/A
G3_R8,Amavita Faramcia,Personal Care and Health,45.906108055555556,8.971608055555556,N/A,N/A,Riva,https://drive.google.com/file/d/1j_fKRNvJi4atn0-OmeMxWhz1OmD0IcOD/view?usp=sharing,Closed,0,N/A
G3_R9,Maia Gelateria & Crepia,Restaurant,45.90629583333333,8.971368611111112,N/A,N/A,Riva,https://drive.google.com/file/d/1kkOtgo99thpIMysKfuWynTVFHK2AVsng/view?usp=sharing,Closed,0,N/A
G3_R10,Bernaschima Lab,Personal Care and Health,45.90631583333333,8.971201944444445,N/A,N/A,Riva,https://drive.google.com/file/d/1kkOtgo99thpIMysKfuWynTVFHK2AVsng/view?usp=sharing,Closed,0,N/A
G3_R11,Beauty Massage Nature Da Isa,Personal Care and Health,45.90642805555555,8.971434722222222,N/A,N/A,Riva,https://drive.google.com/file/d/1IT_i2wxV0fXM3Uz4vxpHGrbl33gCiKSX/view?usp=sharing,Closed,0,N/A
G3_R12,Bar Del Lago,Restaurant,45.90644694444444,8.971738611,N/A,N/A,Riva,https://drive.google.com/file/d/1z4BJaLqxsbRQutq0tzNKeeA4NQiAmt7f/view?usp=sharing,Open,3,N/A
G3_R13,Posta Filiale,Business Services,45.90609111111111,8.971940555555555,N/A,N/A,Riva,https://drive.google.com/file/d/1lMT262wDFaKZIvOtJjdPygT5a-xxwqEZ/view?usp=sharing,Closed,0,N/A
G3_R14,Bottega Del Nondo,Retail and Clothing,45.90611916666666,8.971848889,N/A,N/A,Riva,https://drive.google.com/file/d/1lMT262wDFaKZIvOtJjdPygT5a-xxwqEZ/view?usp=sharing,Closed,0,N/A
G3_R15,Cafe Sociale,Restaurant,45.90564083333333,8.972852777777778,N/A,N/A,Riva,https://drive.google.com/file/d/1jTr5AZ5BpAQzjEBSkP6mguYrpVLwRE-I/view?usp=sharing,Open,3,N/A
G3_R16,Ul Gelatee da Riva,Restaurant,45.90562111111111,8.972824722222223,N/A,N/A,Riva,https://drive.google.com/file/d/1R5pv4QDSuyJya2NCONUyqQTF4qXZWGTh/view?usp=sharing,Closed,0,N/A
G3_R17,Denner,Retail & Clothing,45.905098333333335,8.972714722222223,N/A,N/A,Riva,https://drive.google.com/file/d/1G_cj0KTcs79MDsFQSfdEo1WwDwj0fYtO/view?usp=sharing,Open,10,N/A
G3_R18,Raiffeisen,Business Services,45.905101944444446,8.972198888888888,N/A,N/A,Riva,https://drive.google.com/file/d/1KLaAog1E6b_ZtvqGDT1VgshGZT_AFsu8/view?usp=sharing,Closed,0,N/A
G3_R19,EriKure,Business Services,45.905185833333334,8.973098333333333,N/A,N/A,Riva,https://drive.google.com/file/d/1_DEwGeQGjr9kpDwVWOfhaEmFQwjthpuY/view?usp=sharing,Open,2,N/A
G3_R20,Ottica Asiraghi,Personal Care and Health,45.90504861111111,8.973227222222222,N/A,N/A,Riva,https://drive.google.com/file/d/1zBiaQDAEc3fYB4bBylpfHsU5r1BRVdgj/view?usp=sharing,Open,2,N/A
G3_R21,Osteria teatro unione,Restaurant,45.9049925,8.973902222222222,N/A,N/A,Riva,https://drive.google.com/file/d/1AdMFZ6M5JGotwLFum75L9JlaJsIagtp7/view?usp=sharing,Closed,0,N/A
G3_R22,Giotto Industrial Networking,Business Services,45.904917222222224,8.973918888888889,N/A,N/A,Riva,https://drive.google.com/file/d/1Ox6owtADqQTIuWGEPvVhbtyWtvHFs5dt/view?usp=sharing,Closed,0,N/A
G3_R23,Tre Diamanti Centro Beauty and Hair,Personal Care and Health,45.904762777777776,8.974601666666667,N/A,N/A,Riva,https://drive.google.com/file/d/1FsVTZMGjnq2r_PIeyjm5BXHSifLz29Gj/view?usp=sharing,Open,2,N/A
G3_R24,Cantieri Nautici Silvano Pasta,Restaurant,45.904176944444444,8.976294444444445,N/A,N/A,Riva,https://drive.google.com/file/d/1qc8y2xvR_MFqfbIgc7u_cX_2KrssRVyP/view?usp=sharing,Closed,0,N/A
G3_PC0,Caveu,Restaurant,45.90506166666667,8.90615,N/A,N/A,Porto Ceresio,https://drive.google.com/file/d/1xeYN6HBnluwhpzFp1jwWVnFkGArfg9eZ/view?usp=sharing,Closed,0,N/A
G3_PC1,Gelateria artigianale,Restaurant,45.90506166666667,8.906133333333333,N/A,N/A,Porto Ceresio,https://drive.google.com/file/d/1UPPq0bSRlGnFJ9MnZvieJtg00wWRig7d/view?usp=sharing,Closed,0,N/A
G3_PC2,Tecnocasa ,Business Services,45.90493333333333,8.906058333333334,N/A,N/A,Porto Ceresio,https://drive.google.com/file/d/1F6odTGibq9VeldNrTr5-HAhdYs20iFdu/view?usp=sharing,Closed,0,N/A
G3_PC3,Caffe ristorante del Cervo gelateria,Restaurant,45.90459166666667,8.906021666666668,N/A,N/A,Porto Ceresio,https://drive.google.com/file/d/1lQePn-drL1gQVJHkzy9VVYEOryUi7n-j/view?usp=sharing,Open,10,N/A
G3_PC4,La trattoria del tempo perso,Restaurant,45.904378333333334,8.906263333333333,N/A,N/A,Porto Ceresio,https://drive.google.com/file/d/1cNYzMu9QWobSXFtEjB9-9sAanQqrBhKk/view?usp=sharing,Open,1,N/A
G3_PC5,Adiyaman nemrut pizzeria ,Restaurant,45.90444166666666,8.906271666666667,N/A,N/A,Porto Ceresio,https://drive.google.com/file/d/1WrJcbO_ojyPzxyzdiibGijSWNWECtBm3/view?usp=sharing,Closed,0,N/A
G3_PC6,Bar la trappola ,Restaurant,45.904378333333334,8.906263333333333,N/A,N/A,Porto Ceresio,https://drive.google.com/file/d/1cNYzMu9QWobSXFtEjB9-9sAanQqrBhKk/view?usp=sharing,Closed,0,N/A
G3_PC7,Porto Bello,Restaurant,45.90430833333333,8.906253333333334,N/A,N/A,Porto Ceresio,https://drive.google.com/file/d/1t66Z_YiSE7Bfi0fc-A6iELyY1ljgCBcD/view?usp=sharing,Closed,0,N/A
G3_PC8,Santa caterina Italian bakery ,Restaurant,45.90423111111111,8.906133333333333,N/A,N/A,Porto Ceresio,https://drive.google.com/file/d/1Uzew7tc5slnEcrNmB42UyGmpHzQYp2ZE/view?usp=sharing,Open,4,N/A
G3_PC9,Gelateria il golosone ,Restaurant,45.904377777777775,8.906058333333334,N/A,N/A,Porto Ceresio,https://drive.google.com/file/d/1me7yIJdXSF-U4CE5PIjezNPPTHbfNdwq/view?usp=sharing,Open,0,N/A
G3_PC10,Centr servizi franchising,Business Services,45.904044444444445,8.906013333333334,N/A,N/A,Porto Ceresio,https://drive.google.com/file/d/1oQ28GIncgbympYA2_tZey0fY8eH4jpwp/view?usp=sharing,Closed,0,N/A
G3_PC11,Lachi and menefoglio ,Business Services,45.90410055555555,8.906013333333334,N/A,N/A,Porto Ceresio,https://drive.google.com/file/d/1TC_ry6kePa_XH8ipbvHNzhWX_nRHfIVf/view?usp=sharing,Closed,0,N/A
G3_PC12,friggio,Restaurant,45.90405277777778,8.905993889,N/A,N/A,Porto Ceresio,https://drive.google.com/file/d/148N-WPn42SJZiUIrLQYDo2JjJV0jzQJb/view?usp=sharing,Open,1,N/A
G3_PC13,Dame coffee,Restaurant,45.903819999999996,8.905702222222223,N/A,N/A,Porto Ceresio,https://drive.google.com/file/d/1LXKTQ2MATH7Pi9exrJZt4OaV0YizqMpw/view?usp=sharing,Open,6,N/A
G3_PC14,Here um,Personal Care and Health,45.90376111111111,8.905697777777778,N/A,N/A,Porto Ceresio,https://drive.google.com/file/d/1eoAgOL43qoFKMUmO-5vY4bTtiDgEXKsd/view?usp=sharing,Open,2,N/A
G3_PC15,Hi beauty,Personal Care and Health,45.903841666666665,8.905688889,N/A,N/A,Porto Ceresio,https://drive.google.com/file/d/1P_9fOfpbk19Kuzub4Vs_Tx6tPUuES6ys/view?usp=sharing,Open,2,N/A
G3_PC16,Ristorante pizzeria grigliera,Restaurant,45.903396666666666,8.905758333333333,N/A,N/A,Porto Ceresio,https://drive.google.com/file/d/1Jh2HL0tpAFNnVpFxZ9G62V-WPC_zfLl_/view?usp=sharing,Open,5,N/A
G3_PC17,Le chic,Retail and Clothing,45.90318666666666,8.9055,N/A,N/A,Porto Ceresio,https://drive.google.com/file/d/1MEczMPLotdcZzlD1l3008SHaRRke1N0B/view?usp=sharing,Closed,0,N/A
G3_PC18,Financial mutui ,Business Services,45.90313,8.905455,N/A,N/A,Porto Ceresio,https://drive.google.com/file/d/13quXlvy30L-bksB42xLNAcTZ9GoJqpCa/view?usp=sharing,Closed,0,N/A
G3_PC19,Ristorante la Perla ,Restaurant,45.903079999999996,8.905413333333334,N/A,N/A,Porto Ceresio,https://drive.google.com/file/d/19oGZtd4BH3j2JUvOiY-wzk8agvTChDZs/view?usp=sharing,Closed,0,N/A
G3_PC20,Panificio siciliano ,Restaurant,45.903045,8.905346666666667,N/A,N/A,Porto Ceresio,https://drive.google.com/file/d/1AdMFZ6M5JGotwLFum75L9JlaJsIagtp7/view?usp=sharing,Closed,0,N/A
G3_PC21,Wanza vape ,Retail and Clothing,45.90304166666667,8.905305,N/A,N/A,Porto Ceresio,https://drive.google.com/file/d/1o-lGvtH9vyU6ZIS3OL0eG6P5tKNSjCjW/view?usp=sharing,Closed,0,N/A
G3_PC22,Sindicato pensionati italiani,Restaurant,45.902969999999996,8.905195,N/A,N/A,Porto Ceresio,https://drive.google.com/file/d/1HtpAIM-GEdIRpTEVoUh81DayeFDfq7TL/view?usp=sharing,Closed,0,N/A
G3_PC23,Il mondo di Simona ,Personal Care and Health,45.90284666666667,8.904828333333334,N/A,N/A,Porto Ceresio,https://drive.google.com/file/d/1cVdSvP9tvmGElz6nURhZAxt7GFwWLMYQ/view?usp=sharing,Closed,0,N/A
G3_PC24,Ofele ,Restaurant,45.90271166666667,8.904416666666666,N/A,N/A,Porto Ceresio,https://drive.google.com/file/d/1GfRFdnmLklDvdspdqcKvqghhlt_Qx1D-/view?usp=sharing,Open,6,N/A
G3_PC25,Banca popolare di sondrio ,Business Services,45.901975,8.903575,N/A,N/A,Porto Ceresio,https://drive.google.com/file/d/16V_XoVBhBJijUvzEGZVbiZkl5Qzvj6dg/view?usp=sharing,Closed,0,N/A
G3_PC26,Lavaggio,Retail & Clothing,45.90302833333333,8.905241666666667,N/A,N/A,Porto Ceresio,https://drive.google.com/file/d/1wIsYy3h-oe5sO_RxKnCsXmQK8eOCCion/view?usp=sharing,Closed,0,N/A
G3_PC27,Fioroia ,Retail & Clothing,45.90202166666666,8.90362,N/A,N/A,Porto Ceresio,https://drive.google.com/file/d/1lsYGEHgB79wOaGO25JGa-wtBvC5FiR_k/view?usp=sharing,Closed,0,N/A
G3_PC28,WeUnit,Business Services,45.90202166666666,8.90362,N/A,N/A,Porto Ceresio,https://drive.google.com/file/d/1lsYGEHgB79wOaGO25JGa-wtBvC5FiR_k/view?usp=sharing,Closed,0,N/A
G3_PC29,Luca chirico bike experience,Business Services,45.90181333333333,8.9036,N/A,N/A,Porto Ceresio,https://drive.google.com/file/d/10y5uCmOimZTVK2iKcXpxvJo140A923j1/view?usp=sharing,Closed,0,N/A
G3_PC30,Art cafe ,Restaurant,45.901475,8.903296666666668,N/A,N/A,Porto Ceresio,https://drive.google.com/file/d/1dNYu_OwEpFQ6L0Rm5hOQNfMUbiZSgaRM/view?usp=sharing,Open,3,N/A
G3_PC31,La bellezza e la salute dei tuoi capelli e Della tua pelle,Personal Care and Health,45.90181333333333,8.9036,N/A,N/A,Porto Ceresio,https://drive.google.com/file/d/10y5uCmOimZTVK2iKcXpxvJo140A923j1/view?usp=sharing,Closed,0,N/A
G3_PC32,Farmacia ,Personal Care and Health,45.90181333333333,8.9036,N/A,N/A,Porto Ceresio,https://drive.google.com/file/d/10y5uCmOimZTVK2iKcXpxvJo140A923j1/view?usp=sharing,Closed,0,N/A
G3_PC33,Immobiliare eresi,Business Services,45.901538333333335,8.903338333333334,N/A,N/A,Porto Ceresio,https://drive.google.com/file/d/1EOUoQbmpAStsiABG3CUn2NqPzUDQFsF_/view?usp=sharing,Closed,0,N/A
G3_PC34,Autoscuola ,Business Services,45.90150555555555,8.903337500000001,N/A,N/A,Porto Ceresio,https://drive.google.com/file/d/1VZEiRdI9sVOv6eD2XvWwYHYbyanACogl/view?usp=sharing,Closed,0,N/A
G3_PC35,Dolce Pausa bar pasticceria,Restaurant,45.901511666666664,8.903336666666666,N/A,N/A,Porto Ceresio,https://drive.google.com/file/d/1P0lA_1XZDujnB5M9gSitMG4Kr4rVA8kH/view?usp=sharing,Open,3,N/A
G3_PC36,Officina Ceresio,Business Services,45.901511666666664,8.903336666666666,N/A,N/A,Porto Ceresio,https://drive.google.com/file/d/1BtneYgOiAdFqOA5422J-QiyqKZdFCHqi/view?usp=sharing,Closed,0,N/A
G3_PC37,Hotel il canneto,Business Services,45.90275833333333,8.902528333333334,N/A,N/A,Porto Ceresio,https://drive.google.com/file/d/13AOJASWOt9O1JnSkSxeqhtZ-iDPtkNFO/view?usp=sharing,Open,4,N/A
G3_PC38,Poste italiane,Business Services,45.902341666666665,8.901989444444444,N/A,N/A,Porto Ceresio,https://drive.google.com/file/d/1Gp8shZF14wfqjsxAg3Ps26fDxEULoAPf/view?usp=sharing,Open,1,N/A
G3_PC39,Suki sushi ,Restaurant,45.90275833333333,8.902528333333334,N/A,N/A,Porto Ceresio,https://drive.google.com/file/d/18vt51kTLmNSAC0DtESTHAAB8nZ1qm_Z0/view?usp=sharing,Open,10,N/A
G3_PC40,Biblioteco porta ceresio,Business Services,45.901425555555555,8.902361111111112,N/A,N/A,Porto Ceresio,https://drive.google.com/file/d/1fNn47pBTfo53af7DU_Rkifxi2YPYvZog/view?usp=sharing,Closed,0,N/A
G3_PC41,Max mary ,Personal Care and Health,45.902699999999996,8.903055555555556,N/A,N/A,Porto Ceresio,https://drive.google.com/file/d/1Sjchzmsrd9ZECSpjkAkDAwqhiJe721hf/view?usp=sharing,Open,1,N/A
G3_PC42,Il filo di ariamma,Retail & Clothing,45.90271333333333,8.90325,N/A,N/A,Porto Ceresio,https://drive.google.com/file/d/1Sjchzmsrd9ZECSpjkAkDAwqhiJe721hf/view?usp=sharing,Closed,0,N/A
G3_L0,Christian Watches,Retail & Clothing,46.52113,6.630819166666667,N/A,N/A,Lausanne,https://drive.google.com/file/d/1nJHjnjDuPHy-uhvC2I6Yk-LTLFaxbZW0/view?usp=sharing,N/A,N/A,1000-5000
G3_L1,Kiosque du grand-pont,Business Services,46.52113,6.630819166666667,N/A,N/A,Lausanne,https://drive.google.com/file/d/1pSwaiXuSEA6BDn_V14QuFkVmmik5ylTh/view?usp=sharing,N/A,N/A,May-70
G3_L2,Baloise,Personal Care and Health,46.52124527777778,6.631021111111112,N/A,N/A,Lausanne,https://drive.google.com/file/d/1-dPOW-IpRBiNHDHVBJJd_kypGmq19-kt/view?usp=sharing,N/A,N/A,N/A
G3_L3,Vaudoise Assurance,Business Services,46.52137638888889,6.630720555555556,N/A,N/A,Lausanne,https://drive.google.com/file/d/1lJpvXnWL7VHUu7OyhLjSiDMxOIawORVY/view?usp=sharing,N/A,N/A,N/A
G3_L4,PhotoVision,Retail & Clothing,46.52141361111111,6.630951389,N/A,N/A,Lausanne,https://drive.google.com/file/d/1sB-bLUW53plsqVE8MTnqMrpGqYzEXx4g/view?usp=sharing,N/A,N/A,2-10000
G3_L5,Sweetch,Business Services,46.52144777777778,6.630950277777778,N/A,N/A,Lausanne,https://drive.google.com/file/d/1T9eXV6Yyr1tfYbIiqsCOnNGpoTDwh2Ua/view?usp=sharing,N/A,N/A,40-140
G3_L6,Jorge Cardoso Chocolaterie,Restaurant,46.5214625,6.631058611111111,N/A,N/A,Lausanne,https://drive.google.com/file/d/1gV09uZySZI7BOkHhiSL_6j75anRLUwJt/view?usp=sharing,N/A,N/A,Feb-50
G3_L7,Intrigo Gelateria Artigianole,Restaurant,46.52149861111111,6.630933611111112,N/A,N/A,Lausanne,https://drive.google.com/file/d/1dQc2ChWsaMGI-wmTgxIR6woGUZ6Dnuwr/view?usp=sharing,N/A,N/A,30-Apr
G3_L8,Estheme Cachemire,Retail & Clothing,46.521565,6.630931666666667,N/A,N/A,Lausanne,https://drive.google.com/file/d/1JY6hEkqiWRWlr-rYhH7vxAqLxcluug_o/view?usp=sharing,N/A,N/A,30-300
G3_L9,Coccinelle Café,Restaurant,46.52167333333333,6.630810555555556,N/A,N/A,Lausanne,https://drive.google.com/file/d/1xLDGmpCSNwE4bn7sD4Q_cY0rS5IVBLvM/view?usp=sharing,N/A,N/A,5.50-28.50
G3_L10,Carnier Caiffure,Personal Care and Health,46.5217575,6.631034166666667,N/A,N/A,Lausanne,https://drive.google.com/file/d/1C3pHrgzdYBvF7xiuOTllZpH-p9D7bAQg/view?usp=sharing,N/A,N/A,16-245
G3_L11,Lulu & Nenette,Personal Care and Health,46.52174083333333,6.631027222222222,N/A,N/A,Lausanne,https://drive.google.com/file/d/1tNUPS1AE-ggVjGpOKu9Y5YTqK5jpdTEz/view?usp=sharing,N/A,N/A,100-500
G3_L12,Manor,Retail & Clothing,46.522193333333334,6.631365555555556,N/A,N/A,Lausanne,https://drive.google.com/file/d/1BQSr-ZIbu1yh5TxDLIVLPINGGTZCIs3M/view?usp=sharing,N/A,N/A,10-500
G3_L13,Beyouty Salon,Personal Care and Health,46.52184888888889,6.630930555555556,N/A,N/A,Lausanne,https://drive.google.com/file/d/1le_Woi0ckmxEfTFGXUmzx7nlHMng-uOU/view?usp=sharing,N/A,N/A,10-100
G3_L14,Bijouterie Grand St-Jean,Retail & Clothing,46.521854166666664,6.630881111111112,N/A,N/A,Lausanne,https://drive.google.com/file/d/1lhJa2T79mTaArzy5DLkiLveTYj2xEVaB/view?usp=sharing,N/A,N/A,100-2000
G3_L15,We,Retail & Clothing,46.52184305555556,6.630819166666667,N/A,N/A,Lausanne,https://drive.google.com/file/d/18DFKtcwjpI7QHz5LYOfkrzEoVNqVJC5a/view?usp=sharing,N/A,N/A,10-300
G3_L16,Krispy Kreme,Restaurant,46.5217825,6.630716666666667,N/A,N/A,Lausanne,https://drive.google.com/file/d/1d29Lcowh_n4h0kfiB3XrY5_wPHeaPU22/view?usp=sharing,N/A,N/A,2.50-50
G3_L17,Amavita Conod,Personal Care and Health,46.52180722222222,6.630519444444445,N/A,N/A,Lausanne,https://drive.google.com/file/d/1Fzmg5jMC45xz8vtT0JH_0_4UfG8R0sUo/view?usp=sharing,N/A,N/A,5-100
G3_L18,Etam Pariss,Retail & Clothing,46.52188722222222,6.6305258333333335,N/A,N/A,Lausanne,https://drive.google.com/file/d/1du7InLAxJa4g3XVKtY5EFk1Qf_IsmC2i/view?usp=sharing,N/A,N/A,20-200
G3_L19,Animshop,Retail & Clothing,46.52196722222222,6.630789444444445,N/A,N/A,Lausanne,https://drive.google.com/file/d/11XLy-h-W0Vp0jqmLD6OPL2H6Lo6X5i5b/view?usp=sharing,N/A,N/A,5-500
G3_L20,Drafil,Retail & Clothing,46.5220625,6.630676666666667,N/A,N/A,Lausanne,https://drive.google.com/file/d/1cBJqE-ktgln7cC0oVr_121poTiNo828h/view?usp=sharing,N/A,N/A,10-1000
G3_L21,Oakberry Açaí,Restaurant,46.521948888888886,6.6304686111111115,N/A,N/A,Lausanne,https://drive.google.com/file/d/1IhfvFgctWeefp6NgHwrfKT1OyrLtaiRM/view?usp=sharing,N/A,N/A,20-Mar
G3_L22,Bluety,Retail & Clothing,46.52209527777778,6.630481389,N/A,N/A,Lausanne,https://drive.google.com/file/d/1ShKzJ4u95Ls4Vq1B1bhFr6oGqr1zOoI_/view?usp=sharing,N/A,N/A,100-10000
G3_L23,Lyca Mobile Presse Souvenirs,Retail & Clothing,46.52218027777778,6.630505833333334,N/A,N/A,Lausanne,https://drive.google.com/file/d/1JJ-YyVf8vJ_O73KXDHiQwddDfrr5W1rx/view?usp=sharing,N/A,N/A,Jan-50
G3_L24,Tally Weijl,Retail & Clothing,46.52218027777778,6.630505833333334,N/A,N/A,Lausanne,https://drive.google.com/file/d/18g19LBz4N3nL6qCEQP629LFX1EOhPc1X/view?usp=sharing,N/A,N/A,10-200
G3_L25,Salt.,Business Services,46.52227333333333,6.630448333333334,N/A,N/A,Lausanne,https://drive.google.com/file/d/1gAmXxh7nqk6Hp6GdvGkqDBlA0j5cF5mY/view?usp=sharing,N/A,N/A,19.95-1899
G3_L26,McDonald’s,Restaurant,46.522547777777774,6.630612500000001,N/A,N/A,Lausanne,https://drive.google.com/file/d/1qpmZIo6DNZiZUzNFat4rMIi-TYFM30gs/view?usp=sharing,N/A,N/A,Feb-40
G3_L27,Subdued,Retail & Clothing,46.52257222222222,6.630834444444445,N/A,N/A,Lausanne,https://drive.google.com/file/d/1OnCG-UCenIGoem4XWHPTSRvAh3nAl_fC/view?usp=sharing,N/A,N/A,10-400
G3_L28,Maison Buet Lausanne,Restaurant,46.522439722222224,6.631008888888889,N/A,N/A,Lausanne,https://drive.google.com/file/d/1m7NuOxYjAv0jC_4yxIdvtmFEq1nAKyUO/view?usp=sharing,N/A,N/A,Feb-55
G3_L29,Doodah,Retail & Clothing,46.52264888888889,6.631091944444445,N/A,N/A,Lausanne,https://drive.google.com/file/d/119lASIksV37ZTNP0xF1K0bBuTM3minxV/view?usp=sharing,N/A,N/A,30-2000
G3_L30,Kuoni,Business Services,46.522505,6.631151388888889,N/A,N/A,Lausanne,https://drive.google.com/file/d/1Y6TTnX7XPQx3K1UX5pRkIm-7QbSbff7T/view?usp=sharing,N/A,N/A,N/A
G3_L31,Amplifon,Business Services,46.52256972222222,6.631280555555556,N/A,N/A,Lausanne,https://drive.google.com/file/d/10DHdALT3C3U4rEO_xZ9MmlpM8Lu_AFMv/view?usp=sharing,N/A,N/A,N/A
G3_L32,Bolia.com,Retail & Clothing,46.52264361111111,6.631178611111111,N/A,N/A,Lausanne,https://drive.google.com/file/d/1i9o-hiYQ1SR_abHJrk6L1i9H3nXM_JO2/view?usp=sharing,N/A,N/A,100-20000
G3_L33,Crazy Wolf,Restaurant,46.52254972222222,6.631293055555556,N/A,N/A,Lausanne,https://drive.google.com/file/d/18217MhJKao1iw7mchAssy0FLMHrFz_tp/view?usp=sharing,N/A,N/A,16-30
G3_L34,Savoréa Saveurs & Créations,Restaurant,46.52252055555555,6.631320555555556,N/A,N/A,Lausanne,https://drive.google.com/file/d/1BOtSmewcaw4KS4JLntFL2YrgLpav94SH/view?usp=sharing,N/A,N/A,Feb-50
G3_L35,New BeadBox,Retail & Clothing,46.522779166666666,6.631325277777778,N/A,N/A,Lausanne,https://drive.google.com/file/d/1IAXWVpz6-hMIdvmjWcp7aSjSqR56ACaQ/view?usp=sharing,N/A,N/A,10-300
G3_L36,Foot Locker,Retail & Clothing,46.52263027777778,6.631545277777779,N/A,N/A,Lausanne,https://drive.google.com/file/d/1McWtk-vzUQ3A_CFZ0nUsusKLDKEhKgjv/view?usp=sharing,N/A,N/A,100-600
G3_L37,Assos,Retail & Clothing,46.52272111111111,6.631341666666668,N/A,N/A,Lausanne,https://drive.google.com/file/d/1-jMOyI3bk57bovCAQKrVz3RvlG8hZul7/view?usp=sharing,N/A,N/A,109-5000
G3_L38,Mobilezone,Retail & Clothing,46.52267888888889,6.6315711111111115,N/A,N/A,Lausanne,https://drive.google.com/file/d/1yN1CnZSiRCqQCwYkhHxfr-evbN8brpAL/view?usp=sharing,N/A,N/A,19-2000
G3_L39,Aeschbach,Retail & Clothing,46.52289777777778,6.631445,N/A,N/A,Lausanne,https://drive.google.com/file/d/1Y3nBWYeiQeBLobt0R3An7rMYMDG4UceN/view?usp=sharing,N/A,N/A,20-500
G3_L40,Perosa Dessous Fashion,Retail & Clothing,46.52283444444444,6.631755833333334,N/A,N/A,Lausanne,https://drive.google.com/file/d/112rYKSQSrvDID75l-fDzgYE2m2zFgqGo/view?usp=sharing,N/A,N/A,20-300
G3_L41,Fun Case,Retail & Clothing,46.52274416666667,6.631667222222223,N/A,N/A,Lausanne,https://drive.google.com/file/d/1LL6JwSrWHc64-rITSjg0FH8_5RpUIX58/view?usp=sharing,N/A,N/A,20-2000
G3_L42,Pylones,Retail & Clothing,46.52296861111111,6.631545277777779,N/A,N/A,Lausanne,https://drive.google.com/file/d/1C0LqpbipP4j--8OARaEXisx5BP9FwdeS/view?usp=sharing,N/A,N/A,5-100
G3_L43,Sun Store,Personal Care and Health,46.52296472222222,6.631820833333334,N/A,N/A,Lausanne,https://drive.google.com/file/d/1Wwyvtv3Bt2u4DdcoNESjGb6v6PRE6OUb/view?usp=sharing,N/A,N/A,10-200
G3_L44,Undiz,Retail & Clothing,46.52300527777778,6.631600277777778,N/A,N/A,Lausanne,https://drive.google.com/file/d/1zNudcn2eE_KDbLWBz3LJ-XV3DZYKI3BU/view?usp=sharing,N/A,N/A,10-200
G3_L45,L’Ecritoire designVivishop,Retail & Clothing,46.522259999999996,6.635984722222222,N/A,N/A,Lausanne,https://drive.google.com/file/d/1coGWt9AGosHp7MyOskjbehtKt7qr1T-e/view?usp=sharing,N/A,N/A,2-500
G3_L46,ViviShop,Retail & Clothing,46.522145,6.636113611111111,N/A,N/A,Lausanne,https://drive.google.com/file/d/1VZBuFWfifUumsWA22s55P6vTmj6SZqad/view?usp=sharing,N/A,N/A,30-500
G3_L47,Creation Naphta Line,Retail & Clothing,46.522286666666666,6.636189444444444,N/A,N/A,Lausanne,https://drive.google.com/file/d/196L6IL7gaCUNjy3GrIfuOpVwk5I9ctiF/view?usp=sharing,N/A,N/A,10-200
G3_L48,Cafe de l’eveche,Restaurant,46.52194444444444,6.636036111,N/A,N/A,Lausanne,https://drive.google.com/file/d/1qBZC5Kx4_AdZcaOzpt9JiuKA5xHLlBbw/view?usp=sharing,N/A,N/A,Apr-50
G3_L49,Bagha,Restaurant,46.521701944444445,6.6361036111111105,N/A,N/A,Lausanne,https://drive.google.com/file/d/1tcKIQUnTMUJf_rkg2QI4896dGvrdJrIO/view?usp=sharing,N/A,N/A,30-May
G3_L50,Tabac Bessières,Business Services,46.52166638888889,6.636038611,N/A,N/A,Lausanne,https://drive.google.com/file/d/1VFrrlareGMcEleJ0N0SuW3omzhnEFW8q/view?usp=sharing,N/A,N/A,Feb-50
G3_L51,Montres Anciennes,Retail & Clothing,46.52166638888889,6.636038611,N/A,N/A,Lausanne,https://drive.google.com/file/d/1HAlKTHaU4-40B-2kb9sbZppyJvMnDhdo/view?usp=sharing,N/A,N/A,40-400
G3_L52,Bijoux Marin arqent,Retail & Clothing,46.52166638888889,6.636038611,N/A,N/A,Lausanne,https://drive.google.com/file/d/1HlrLoiw0sNl4Z2my8t64BswWQcCl90kk/view?usp=sharing,N/A,N/A,50-1000
G3_L53,Chez Maud,Restaurant,46.52160305555555,6.636354999999999,N/A,N/A,Lausanne,https://drive.google.com/file/d/1bT4JUOkoCQD_3lDVKBl0c1xV1aS0Zk9T/view?usp=sharing,N/A,N/A,May-50
G3_L54,Raw Unique Iconic,Retail & Clothing,46.52153666666666,6.634504166666666,N/A,N/A,Lausanne,https://drive.google.com/file/d/1QgS97qsjpajdJ78Z-h7xtB-zk7Bbi-O1/view?usp=sharing,N/A,N/A,30-150
G3_L55,Viceversa,Retail & Clothing,46.52183972222222,6.634017222222222,N/A,N/A,Lausanne,https://drive.google.com/file/d/1QgS97qsjpajdJ78Z-h7xtB-zk7Bbi-O1/view?usp=sharing,N/A,N/A,100-500
G3_L56,Creperie La Chandeleur,Restaurant,46.52166444444445,6.634816388888888,N/A,N/A,Lausanne,https://drive.google.com/file/d/1RxfWZhhHp_sHg20N3MD7hYz5LugiEWWg/view?usp=sharing,N/A,N/A,May-50
G3_L57,APEF (association pour l’entraide familiale),Business Services,46.52169833333333,6.634521111111111,N/A,N/A,Lausanne,https://drive.google.com/file/d/18ABAXKbVZ_bM_-zcA8RF9PNF_QBoZz49/view?usp=sharing,N/A,N/A,N/A
G3_L58,Marelle,Retail & Clothing,46.52182138888889,6.634310277777777,N/A,N/A,Lausanne,https://drive.google.com/file/d/1O0BDHrAXSf05yfWwKC3wRaSztWn7Gmfr/view?usp=sharing,N/A,N/A,10-500
G3_L59,Laboratori (60),Retail & Clothing,46.521638055555556,6.633976111111111,N/A,N/A,Lausanne,https://drive.google.com/file/d/1F5p9myeqlMUzrnrcveauvuc74mhjpgki/view?usp=sharing,N/A,N/A,20-200
G3_L60,Atelier Des Gourmands,Restaurant,46.52164638888889,6.6342075,N/A,N/A,Lausanne,https://drive.google.com/file/d/1-LXwi3ET0elqD6YFba38SoUq1Nuagdeb/view?usp=sharing,N/A,N/A,5-100
G3_L61,Durig Chocolatier,Restaurant,46.52186,6.634106111111111,N/A,N/A,Lausanne,https://drive.google.com/file/d/1tFdC0vl9HIYGPgknUVaVWMTEa-WVTDCQ/view?usp=sharing,N/A,N/A,2-200
G3_L62,Globus,Retail & Clothing,46.52172972222222,6.634001388888889,N/A,N/A,Lausanne,https://drive.google.com/file/d/1olTiIXa5oULOU114n3_PzjDKdJ8olQFW/view?usp=sharing,N/A,N/A,10-200
G3_L63,Walpurgis,Retail & Clothing,46.52186222222222,6.633977222222222,N/A,N/A,Lausanne,https://drive.google.com/file/d/1olTiIXa5oULOU114n3_PzjDKdJ8olQFW/view?usp=sharing,N/A,N/A,20-200
G3_L64,Collection 66,Retail & Clothing,46.52190888888889,6.633959166666666,N/A,N/A,Lausanne,https://drive.google.com/file/d/14qHoia3XI-oar86tOaOPADyMu1VSdJUW/view?usp=sharing,N/A,N/A,20-200
G3_L65,D’Luxe,Retail & Clothing,46.52191388888889,6.633950555555555,N/A,N/A,Lausanne,https://docs.google.com/spreadsheets/d/1b9DfB862_zUhfKlTt7ZDIZJj81s4pbzpJ3Dw35hL0rA/edit?usp=sharing,N/A,N/A,20-200
G3_L66,Jérôme Coiffure,Personal Care and Health,46.52191527777778,6.633769166666666,N/A,N/A,Lausanne,https://drive.google.com/file/d/1vGzNu6SyG0o1Vi3NEDh47KvwRK-aW6de/view?usp=sharing,N/A,N/A,10-100
